legacy_id,name,fips_code,state,state_name,county,land_class,land_category,land_type,region_type,district_type,offshore_region,sort,creation_date,last_update_date
"599771","","","","","","","Not Tied to a Lease","","","","","","2025-08-08T18:08:02.553264+00:00","2025-08-08T18:08:02.553264+00:00"
"87325","Alaska, Barrow","02185","AK","Alaska","Barrow","Federal","Onshore","Federal onshore","County","County","","AK2Ba","2025-02-19T18:29:36.469322+00:00","2025-02-19T18:29:36.469322+00:00"
"586228","Nevada, Douglas","32005","NV","Nevada","Douglas","Federal","Onshore","Federal onshore","County","County","","NV2Do","2025-04-02T13:54:02.426975+00:00","2025-04-02T13:54:02.426975+00:00"
"593795","Gulf of America","GMR","","","","Federal","Offshore","Federal offshore","Offshore","","Gulf","1-GMR","2025-06-04T17:59:21.786576+00:00","2025-06-04T17:59:21.786576+00:00"
"615009","Idaho, Elmore","16039","ID","Idaho","Elmore","Federal","Onshore","Federal onshore","County","County","","ID2El","2025-12-04T14:12:06.574699+00:00","2025-12-04T14:12:06.574699+00:00"
"89182","Utah","UT","UT","Utah","","Federal","Onshore","Federal onshore","State","State","","UT1","2025-02-19T18:29:36.469322+00:00","2025-02-19T18:29:36.469322+00:00"
"87326","Alaska, Harrison Bay","02185","AK","Alaska","Harrison Bay","Federal","Onshore","Federal onshore","County","County","","AK2Ha","2025-02-19T18:29:36.469322+00:00","2025-02-19T18:29:36.469322+00:00"
"87327","Alaska, Ikpikpuk Riv","02185","AK","Alaska","Ikpikpuk Riv","Federal","Onshore","Federal onshore","County","County","","AK2Ik","2025-02-19T18:29:36.469322+00:00","2025-02-19T18:29:36.469322+00:00"
"87328","Alaska, Kenai (Post)","02122","AK","Alaska","Kenai (Post)","Federal","Onshore","Federal onshore","County","County","","AK2Ke","2025-02-19T18:29:36.469322+00:00","2025-02-19T18:29:36.469322+00:00"
"87329","Alaska, Kenai (Pre)","02122","AK","Alaska","Kenai (Pre)","Federal","Onshore","Federal onshore","County","County","","AK2Ke","2025-02-19T18:29:36.469322+00:00","2025-02-19T18:29:36.469322+00:00"
"87330","Alaska, Lookout Rdg","02185","AK","Alaska","Lookout Rdg","Federal","Onshore","Federal onshore","County","County","","AK2Lo","2025-02-19T18:29:36.469322+00:00","2025-02-19T18:29:36.469322+00:00"
"87331","Alaska, Meade River","02185","AK","Alaska","Meade River","Federal","Onshore","Federal onshore","County","County","","AK2Me","2025-02-19T18:29:36.469322+00:00","2025-02-19T18:29:36.469322+00:00"
"87324","Not tied to a location","","","","","Federal","Onshore","Federal onshore","","","","zZz","2025-02-19T18:29:36.469322+00:00","2025-02-19T18:29:36.469322+00:00"
"87319","Not tied to a region","","","","","Federal","Offshore","Federal offshore","","","","zZZ","2025-02-19T18:29:36.469322+00:00","2025-02-19T18:29:36.469322+00:00"
"87318","Not tied to a lease","","","","","Federal","Not Tied to a Lease","Federal - not tied to a lease","","","","zzZ","2025-02-19T18:29:36.469322+00:00","2025-02-19T18:29:36.469322+00:00"
"87332","Alaska, Naknek","02185","AK","Alaska","Naknek","Federal","Onshore","Federal onshore","County","County","","AK2Na","2025-02-19T18:29:36.469322+00:00","2025-02-19T18:29:36.469322+00:00"
"87333","Alaska, Teshekpuk","02185","AK","Alaska","Teshekpuk","Federal","Onshore","Federal onshore","County","County","","AK2Te","2025-02-19T18:29:36.469322+00:00","2025-02-19T18:29:36.469322+00:00"
"87334","Alaska, Tyonek","02122","AK","Alaska","Tyonek","Federal","Onshore","Federal onshore","County","County","","AK2Ty","2025-02-19T18:29:36.469322+00:00","2025-02-19T18:29:36.469322+00:00"
"87335","Alaska, Umiat","02185","AK","Alaska","Umiat","Federal","Onshore","Federal onshore","County","County","","AK2Um","2025-02-19T18:29:36.469322+00:00","2025-02-19T18:29:36.469322+00:00"
"87390","Arizona, Apache","04001","AZ","Arizona","Apache","Federal","Onshore","Federal onshore","County","County","","AZ2Ap","2025-02-19T18:29:36.469322+00:00","2025-02-19T18:29:36.469322+00:00"
"87391","Arizona, Cochise","04003","AZ","Arizona","Cochise","Federal","Onshore","Federal onshore","County","County","","AZ2Co","2025-02-19T18:29:36.469322+00:00","2025-02-19T18:29:36.469322+00:00"
"87392","Arizona, Coconino","04005","AZ","Arizona","Coconino","Federal","Onshore","Federal onshore","County","County","","AZ2Co","2025-02-19T18:29:36.469322+00:00","2025-02-19T18:29:36.469322+00:00"
"87393","Arizona, Greenlee","04011","AZ","Arizona","Greenlee","Federal","Onshore","Federal onshore","County","County","","AZ2Gr","2025-02-19T18:29:36.469322+00:00","2025-02-19T18:29:36.469322+00:00"
"87394","Arizona, Maricopa","04013","AZ","Arizona","Maricopa","Federal","Onshore","Federal onshore","County","County","","AZ2Ma","2025-02-19T18:29:36.469322+00:00","2025-02-19T18:29:36.469322+00:00"
"87395","Arizona, Mohave","04015","AZ","Arizona","Mohave","Federal","Onshore","Federal onshore","County","County","","AZ2Mo","2025-02-19T18:29:36.469322+00:00","2025-02-19T18:29:36.469322+00:00"
"87396","Arizona, Navajo","04017","AZ","Arizona","Navajo","Federal","Onshore","Federal onshore","County","County","","AZ2Na","2025-02-19T18:29:36.469322+00:00","2025-02-19T18:29:36.469322+00:00"
"87359","Arkansas, Cleburne","05023","AR","Arkansas","Cleburne","Federal","Onshore","Federal onshore","County","County","","AR2Cl","2025-02-19T18:29:36.469322+00:00","2025-02-19T18:29:36.469322+00:00"
"87360","Arkansas, Columbia","05027","AR","Arkansas","Columbia","Federal","Onshore","Federal onshore","County","County","","AR2Co","2025-02-19T18:29:36.469322+00:00","2025-02-19T18:29:36.469322+00:00"
"87361","Arkansas, Conway","05029","AR","Arkansas","Conway","Federal","Onshore","Federal onshore","County","County","","AR2Co","2025-02-19T18:29:36.469322+00:00","2025-02-19T18:29:36.469322+00:00"
"87323","Pacific","POR","","","","Federal","Offshore","Federal offshore","Offshore","","Pacific","1-POR","2025-02-19T18:29:36.469322+00:00","2025-02-19T18:29:36.469322+00:00"
"87320","Alaska","AKR","","","","Federal","Offshore","Federal offshore","Offshore","","Alaska","1-AKR","2025-02-19T18:29:36.469322+00:00","2025-02-19T18:29:36.469322+00:00"
"87321","Atlantic","AOR","","","","Federal","Offshore","Federal offshore","Offshore","","Atlantic","1-AOR","2025-02-19T18:29:36.469322+00:00","2025-02-19T18:29:36.469322+00:00"
"87430","Colorado, Adams","08001","CO","Colorado","Adams","Federal","Onshore","Federal onshore","County","County","","CO2Ad","2025-02-19T18:29:36.469322+00:00","2025-02-19T18:29:36.469322+00:00"
"87431","Colorado, Alamosa","08003","CO","Colorado","Alamosa","Federal","Onshore","Federal onshore","County","County","","CO2Al","2025-02-19T18:29:36.469322+00:00","2025-02-19T18:29:36.469322+00:00"
"87432","Colorado, Arapahoe","08005","CO","Colorado","Arapahoe","Federal","Onshore","Federal onshore","County","County","","CO2Ar","2025-02-19T18:29:36.469322+00:00","2025-02-19T18:29:36.469322+00:00"
"87433","Colorado, Archuleta","08007","CO","Colorado","Archuleta","Federal","Onshore","Federal onshore","County","County","","CO2Ar","2025-02-19T18:29:36.469322+00:00","2025-02-19T18:29:36.469322+00:00"
"87481","Florida, Hardee","12049","FL","Florida","Hardee","Federal","Onshore","Federal onshore","County","County","","FL2Ha","2025-02-19T18:29:36.469322+00:00","2025-02-19T18:29:36.469322+00:00"
"87482","Florida, Manatee","12081","FL","Florida","Manatee","Federal","Onshore","Federal onshore","County","County","","FL2Ma","2025-02-19T18:29:36.469322+00:00","2025-02-19T18:29:36.469322+00:00"
"87483","Florida, Okaloosa","12091","FL","Florida","Okaloosa","Federal","Onshore","Federal onshore","County","County","","FL2Ok","2025-02-19T18:29:36.469322+00:00","2025-02-19T18:29:36.469322+00:00"
"87484","Florida, Polk","12105","FL","Florida","Polk","Federal","Onshore","Federal onshore","County","County","","FL2Po","2025-02-19T18:29:36.469322+00:00","2025-02-19T18:29:36.469322+00:00"
"87485","Florida, Santa Rosa","12113","FL","Florida","Santa Rosa","Federal","Onshore","Federal onshore","County","County","","FL2Sa","2025-02-19T18:29:36.469322+00:00","2025-02-19T18:29:36.469322+00:00"
"87486","Georgia, Greene","13133","GA","Georgia","Greene","Federal","Onshore","Federal onshore","County","County","","GA2Gr","2025-02-19T18:29:36.469322+00:00","2025-02-19T18:29:36.469322+00:00"
"87487","Idaho, Bannock","16005","ID","Idaho","Bannock","Federal","Onshore","Federal onshore","County","County","","ID2Ba","2025-02-19T18:29:36.469322+00:00","2025-02-19T18:29:36.469322+00:00"
"87488","Idaho, Bear Lake","16007","ID","Idaho","Bear Lake","Federal","Onshore","Federal onshore","County","County","","ID2Be","2025-02-19T18:29:36.469322+00:00","2025-02-19T18:29:36.469322+00:00"
"87489","Idaho, Bingham","16011","ID","Idaho","Bingham","Federal","Onshore","Federal onshore","County","County","","ID2Bi","2025-02-19T18:29:36.469322+00:00","2025-02-19T18:29:36.469322+00:00"
"87490","Idaho, Blaine","16013","ID","Idaho","Blaine","Federal","Onshore","Federal onshore","County","County","","ID2Bl","2025-02-19T18:29:36.469322+00:00","2025-02-19T18:29:36.469322+00:00"
"87491","Idaho, Boise","16015","ID","Idaho","Boise","Federal","Onshore","Federal onshore","County","County","","ID2Bo","2025-02-19T18:29:36.469322+00:00","2025-02-19T18:29:36.469322+00:00"
"87492","Idaho, Bonneville","16019","ID","Idaho","Bonneville","Federal","Onshore","Federal onshore","County","County","","ID2Bo","2025-02-19T18:29:36.469322+00:00","2025-02-19T18:29:36.469322+00:00"
"87493","Idaho, Camas","16025","ID","Idaho","Camas","Federal","Onshore","Federal onshore","County","County","","ID2Ca","2025-02-19T18:29:36.469322+00:00","2025-02-19T18:29:36.469322+00:00"
"87494","Idaho, Canyon","16027","ID","Idaho","Canyon","Federal","Onshore","Federal onshore","County","County","","ID2Ca","2025-02-19T18:29:36.469322+00:00","2025-02-19T18:29:36.469322+00:00"
"87495","Idaho, Caribou","16029","ID","Idaho","Caribou","Federal","Onshore","Federal onshore","County","County","","ID2Ca","2025-02-19T18:29:36.469322+00:00","2025-02-19T18:29:36.469322+00:00"
"87496","Idaho, Cassia","16031","ID","Idaho","Cassia","Federal","Onshore","Federal onshore","County","County","","ID2Ca","2025-02-19T18:29:36.469322+00:00","2025-02-19T18:29:36.469322+00:00"
"87497","Idaho, Clark","16033","ID","Idaho","Clark","Federal","Onshore","Federal onshore","County","County","","ID2Cl","2025-02-19T18:29:36.469322+00:00","2025-02-19T18:29:36.469322+00:00"
"87498","Idaho, Clearwater","16035","ID","Idaho","Clearwater","Federal","Onshore","Federal onshore","County","County","","ID2Cl","2025-02-19T18:29:36.469322+00:00","2025-02-19T18:29:36.469322+00:00"
"87499","Idaho, Jefferson","16051","ID","Idaho","Jefferson","Federal","Onshore","Federal onshore","County","County","","ID2Je","2025-02-19T18:29:36.469322+00:00","2025-02-19T18:29:36.469322+00:00"
"87500","Idaho, Latah","16057","ID","Idaho","Latah","Federal","Onshore","Federal onshore","County","County","","ID2La","2025-02-19T18:29:36.469322+00:00","2025-02-19T18:29:36.469322+00:00"
"87501","Idaho, Payette","16075","ID","Idaho","Payette","Federal","Onshore","Federal onshore","County","County","","ID2Pa","2025-02-19T18:29:36.469322+00:00","2025-02-19T18:29:36.469322+00:00"
"87502","Idaho, Shoshone","16079","ID","Idaho","Shoshone","Federal","Onshore","Federal onshore","County","County","","ID2Sh","2025-02-19T18:29:36.469322+00:00","2025-02-19T18:29:36.469322+00:00"
"87503","Idaho, Teton","16081","ID","Idaho","Teton","Federal","Onshore","Federal onshore","County","County","","ID2Te","2025-02-19T18:29:36.469322+00:00","2025-02-19T18:29:36.469322+00:00"
"87504","Idaho, Washington","16087","ID","Idaho","Washington","Federal","Onshore","Federal onshore","County","County","","ID2Wa","2025-02-19T18:29:36.469322+00:00","2025-02-19T18:29:36.469322+00:00"
"87547","Kentucky, Bell","21013","KY","Kentucky","Bell","Federal","Onshore","Federal onshore","County","County","","KY2Be","2025-02-19T18:29:36.469322+00:00","2025-02-19T18:29:36.469322+00:00"
"87548","Kentucky, Clay","21051","KY","Kentucky","Clay","Federal","Onshore","Federal onshore","County","County","","KY2Cl","2025-02-19T18:29:36.469322+00:00","2025-02-19T18:29:36.469322+00:00"
"87549","Kentucky, Edmonson","21061","KY","Kentucky","Edmonson","Federal","Onshore","Federal onshore","County","County","","KY2Ed","2025-02-19T18:29:36.469322+00:00","2025-02-19T18:29:36.469322+00:00"
"87550","Kentucky, Estill","21065","KY","Kentucky","Estill","Federal","Onshore","Federal onshore","County","County","","KY2Es","2025-02-19T18:29:36.469322+00:00","2025-02-19T18:29:36.469322+00:00"
"87551","Kentucky, Floyd","21071","KY","Kentucky","Floyd","Federal","Onshore","Federal onshore","County","County","","KY2Fl","2025-02-19T18:29:36.469322+00:00","2025-02-19T18:29:36.469322+00:00"
"87552","Kentucky, Grayson","21085","KY","Kentucky","Grayson","Federal","Onshore","Federal onshore","County","County","","KY2Gr","2025-02-19T18:29:36.469322+00:00","2025-02-19T18:29:36.469322+00:00"
"87553","Kentucky, Harlan","21095","KY","Kentucky","Harlan","Federal","Onshore","Federal onshore","County","County","","KY2Ha","2025-02-19T18:29:36.469322+00:00","2025-02-19T18:29:36.469322+00:00"
"87554","Kentucky, Henderson","21101","KY","Kentucky","Henderson","Federal","Onshore","Federal onshore","County","County","","KY2He","2025-02-19T18:29:36.469322+00:00","2025-02-19T18:29:36.469322+00:00"
"87555","Kentucky, Johnson","21115","KY","Kentucky","Johnson","Federal","Onshore","Federal onshore","County","County","","KY2Jo","2025-02-19T18:29:36.469322+00:00","2025-02-19T18:29:36.469322+00:00"
"87556","Kentucky, Lawrence","21127","KY","Kentucky","Lawrence","Federal","Onshore","Federal onshore","County","County","","KY2La","2025-02-19T18:29:36.469322+00:00","2025-02-19T18:29:36.469322+00:00"
"87557","Kentucky, Lee","21129","KY","Kentucky","Lee","Federal","Onshore","Federal onshore","County","County","","KY2Le","2025-02-19T18:29:36.469322+00:00","2025-02-19T18:29:36.469322+00:00"
"87558","Kentucky, Leslie","21131","KY","Kentucky","Leslie","Federal","Onshore","Federal onshore","County","County","","KY2Le","2025-02-19T18:29:36.469322+00:00","2025-02-19T18:29:36.469322+00:00"
"87559","Kentucky, Letcher","21133","KY","Kentucky","Letcher","Federal","Onshore","Federal onshore","County","County","","KY2Le","2025-02-19T18:29:36.469322+00:00","2025-02-19T18:29:36.469322+00:00"
"87567","Louisiana, Assumption","22007","LA","Louisiana","Assumption","Federal","Onshore","Federal onshore","County","County","","LA2As","2025-02-19T18:29:36.469322+00:00","2025-02-19T18:29:36.469322+00:00"
"87652","Mississippi, Adams","28001","MS","Mississippi","Adams","Federal","Onshore","Federal onshore","County","County","","MS2Ad","2025-02-19T18:29:36.469322+00:00","2025-02-19T18:29:36.469322+00:00"
"87653","Mississippi, Amite","28005","MS","Mississippi","Amite","Federal","Onshore","Federal onshore","County","County","","MS2Am","2025-02-19T18:29:36.469322+00:00","2025-02-19T18:29:36.469322+00:00"
"87654","Mississippi, Chickasaw","28017","MS","Mississippi","Chickasaw","Federal","Onshore","Federal onshore","County","County","","MS2Ch","2025-02-19T18:29:36.469322+00:00","2025-02-19T18:29:36.469322+00:00"
"87643","Missouri, Crawford","29055","MO","Missouri","Crawford","Federal","Onshore","Federal onshore","County","County","","MO2Cr","2025-02-19T18:29:36.469322+00:00","2025-02-19T18:29:36.469322+00:00"
"87644","Missouri, Dent","29065","MO","Missouri","Dent","Federal","Onshore","Federal onshore","County","County","","MO2De","2025-02-19T18:29:36.469322+00:00","2025-02-19T18:29:36.469322+00:00"
"87645","Missouri, Iron","29093","MO","Missouri","Iron","Federal","Onshore","Federal onshore","County","County","","MO2Ir","2025-02-19T18:29:36.469322+00:00","2025-02-19T18:29:36.469322+00:00"
"87646","Missouri, Jackson","29095","MO","Missouri","Jackson","Federal","Onshore","Federal onshore","County","County","","MO2Ja","2025-02-19T18:29:36.469322+00:00","2025-02-19T18:29:36.469322+00:00"
"87647","Missouri, Madison","29123","MO","Missouri","Madison","Federal","Onshore","Federal onshore","County","County","","MO2Ma","2025-02-19T18:29:36.469322+00:00","2025-02-19T18:29:36.469322+00:00"
"87648","Missouri, Reynolds","29179","MO","Missouri","Reynolds","Federal","Onshore","Federal onshore","County","County","","MO2Re","2025-02-19T18:29:36.469322+00:00","2025-02-19T18:29:36.469322+00:00"
"87649","Missouri, Shannon","29203","MO","Missouri","Shannon","Federal","Onshore","Federal onshore","County","County","","MO2Sh","2025-02-19T18:29:36.469322+00:00","2025-02-19T18:29:36.469322+00:00"
"87651","Missouri, Washington","29221","MO","Missouri","Washington","Federal","Onshore","Federal onshore","County","County","","MO2Wa","2025-02-19T18:29:36.469322+00:00","2025-02-19T18:29:36.469322+00:00"
"87697","Montana, Beaverhead","30001","MT","Montana","Beaverhead","Federal","Onshore","Federal onshore","County","County","","MT2Be","2025-02-19T18:29:36.469322+00:00","2025-02-19T18:29:36.469322+00:00"
"87698","Montana, Big Horn","30003","MT","Montana","Big Horn","Federal","Onshore","Federal onshore","County","County","","MT2Bi","2025-02-19T18:29:36.469322+00:00","2025-02-19T18:29:36.469322+00:00"
"87699","Montana, Blaine","30005","MT","Montana","Blaine","Federal","Onshore","Federal onshore","County","County","","MT2Bl","2025-02-19T18:29:36.469322+00:00","2025-02-19T18:29:36.469322+00:00"
"87700","Montana, Broadwater","30007","MT","Montana","Broadwater","Federal","Onshore","Federal onshore","County","County","","MT2Br","2025-02-19T18:29:36.469322+00:00","2025-02-19T18:29:36.469322+00:00"
"87701","Montana, Carbon","30009","MT","Montana","Carbon","Federal","Onshore","Federal onshore","County","County","","MT2Ca","2025-02-19T18:29:36.469322+00:00","2025-02-19T18:29:36.469322+00:00"
"87702","Montana, Carter","30011","MT","Montana","Carter","Federal","Onshore","Federal onshore","County","County","","MT2Ca","2025-02-19T18:29:36.469322+00:00","2025-02-19T18:29:36.469322+00:00"
"87703","Montana, Cascade","30013","MT","Montana","Cascade","Federal","Onshore","Federal onshore","County","County","","MT2Ca","2025-02-19T18:29:36.469322+00:00","2025-02-19T18:29:36.469322+00:00"
"87704","Montana, Chouteau","30015","MT","Montana","Chouteau","Federal","Onshore","Federal onshore","County","County","","MT2Ch","2025-02-19T18:29:36.469322+00:00","2025-02-19T18:29:36.469322+00:00"
"87705","Montana, Custer","30017","MT","Montana","Custer","Federal","Onshore","Federal onshore","County","County","","MT2Cu","2025-02-19T18:29:36.469322+00:00","2025-02-19T18:29:36.469322+00:00"
"87706","Montana, Daniels","30019","MT","Montana","Daniels","Federal","Onshore","Federal onshore","County","County","","MT2Da","2025-02-19T18:29:36.469322+00:00","2025-02-19T18:29:36.469322+00:00"
"87707","Montana, Dawson","30021","MT","Montana","Dawson","Federal","Onshore","Federal onshore","County","County","","MT2Da","2025-02-19T18:29:36.469322+00:00","2025-02-19T18:29:36.469322+00:00"
"87708","Montana, Fallon","30025","MT","Montana","Fallon","Federal","Onshore","Federal onshore","County","County","","MT2Fa","2025-02-19T18:29:36.469322+00:00","2025-02-19T18:29:36.469322+00:00"
"87709","Montana, Fergus","30027","MT","Montana","Fergus","Federal","Onshore","Federal onshore","County","County","","MT2Fe","2025-02-19T18:29:36.469322+00:00","2025-02-19T18:29:36.469322+00:00"
"87710","Montana, Flathead","30029","MT","Montana","Flathead","Federal","Onshore","Federal onshore","County","County","","MT2Fl","2025-02-19T18:29:36.469322+00:00","2025-02-19T18:29:36.469322+00:00"
"87711","Montana, Gallatin","30031","MT","Montana","Gallatin","Federal","Onshore","Federal onshore","County","County","","MT2Ga","2025-02-19T18:29:36.469322+00:00","2025-02-19T18:29:36.469322+00:00"
"87712","Montana, Garfield","30033","MT","Montana","Garfield","Federal","Onshore","Federal onshore","County","County","","MT2Ga","2025-02-19T18:29:36.469322+00:00","2025-02-19T18:29:36.469322+00:00"
"87713","Montana, Glacier","30035","MT","Montana","Glacier","Federal","Onshore","Federal onshore","County","County","","MT2Gl","2025-02-19T18:29:36.469322+00:00","2025-02-19T18:29:36.469322+00:00"
"87808","Nevada, Churchill","32001","NV","Nevada","Churchill","Federal","Onshore","Federal onshore","County","County","","NV2Ch","2025-02-19T18:29:36.469322+00:00","2025-02-19T18:29:36.469322+00:00"
"87809","Nevada, Clark","32003","NV","Nevada","Clark","Federal","Onshore","Federal onshore","County","County","","NV2Cl","2025-02-19T18:29:36.469322+00:00","2025-02-19T18:29:36.469322+00:00"
"87810","Nevada, Elko","32007","NV","Nevada","Elko","Federal","Onshore","Federal onshore","County","County","","NV2El","2025-02-19T18:29:36.469322+00:00","2025-02-19T18:29:36.469322+00:00"
"87811","Nevada, Esmeralda","32009","NV","Nevada","Esmeralda","Federal","Onshore","Federal onshore","County","County","","NV2Es","2025-02-19T18:29:36.469322+00:00","2025-02-19T18:29:36.469322+00:00"
"87812","Nevada, Eureka","32011","NV","Nevada","Eureka","Federal","Onshore","Federal onshore","County","County","","NV2Eu","2025-02-19T18:29:36.469322+00:00","2025-02-19T18:29:36.469322+00:00"
"87813","Nevada, Humboldt","32013","NV","Nevada","Humboldt","Federal","Onshore","Federal onshore","County","County","","NV2Hu","2025-02-19T18:29:36.469322+00:00","2025-02-19T18:29:36.469322+00:00"
"87814","Nevada, Lander","32015","NV","Nevada","Lander","Federal","Onshore","Federal onshore","County","County","","NV2La","2025-02-19T18:29:36.469322+00:00","2025-02-19T18:29:36.469322+00:00"
"87903","Oregon, Columbia","41009","OR","Oregon","Columbia","Federal","Onshore","Federal onshore","County","County","","OR2Co","2025-02-19T18:29:36.469322+00:00","2025-02-19T18:29:36.469322+00:00"
"87904","Oregon, Deschutes","41017","OR","Oregon","Deschutes","Federal","Onshore","Federal onshore","County","County","","OR2De","2025-02-19T18:29:36.469322+00:00","2025-02-19T18:29:36.469322+00:00"
"87905","Oregon, Gilliam","41021","OR","Oregon","Gilliam","Federal","Onshore","Federal onshore","County","County","","OR2Gi","2025-02-19T18:29:36.469322+00:00","2025-02-19T18:29:36.469322+00:00"
"87906","Oregon, Hood River","41027","OR","Oregon","Hood River","Federal","Onshore","Federal onshore","County","County","","OR2Ho","2025-02-19T18:29:36.469322+00:00","2025-02-19T18:29:36.469322+00:00"
"87907","Oregon, Jefferson","41031","OR","Oregon","Jefferson","Federal","Onshore","Federal onshore","County","County","","OR2Je","2025-02-19T18:29:36.469322+00:00","2025-02-19T18:29:36.469322+00:00"
"87908","Oregon, Lake","41037","OR","Oregon","Lake","Federal","Onshore","Federal onshore","County","County","","OR2La","2025-02-19T18:29:36.469322+00:00","2025-02-19T18:29:36.469322+00:00"
"87909","Oregon, Malheur","41045","OR","Oregon","Malheur","Federal","Onshore","Federal onshore","County","County","","OR2Ma","2025-02-19T18:29:36.469322+00:00","2025-02-19T18:29:36.469322+00:00"
"87910","Oregon, Morrow","41049","OR","Oregon","Morrow","Federal","Onshore","Federal onshore","County","County","","OR2Mo","2025-02-19T18:29:36.469322+00:00","2025-02-19T18:29:36.469322+00:00"
"87911","Oregon, Sherman","41055","OR","Oregon","Sherman","Federal","Onshore","Federal onshore","County","County","","OR2Sh","2025-02-19T18:29:36.469322+00:00","2025-02-19T18:29:36.469322+00:00"
"87912","Oregon, Umatilla","41059","OR","Oregon","Umatilla","Federal","Onshore","Federal onshore","County","County","","OR2Um","2025-02-19T18:29:36.469322+00:00","2025-02-19T18:29:36.469322+00:00"
"87913","Oregon, Wasco","41065","OR","Oregon","Wasco","Federal","Onshore","Federal onshore","County","County","","OR2Wa","2025-02-19T18:29:36.469322+00:00","2025-02-19T18:29:36.469322+00:00"
"87914","Oregon, Wheeler","41069","OR","Oregon","Wheeler","Federal","Onshore","Federal onshore","County","County","","OR2Wh","2025-02-19T18:29:36.469322+00:00","2025-02-19T18:29:36.469322+00:00"
"87915","Pennsylvania, Armstrong","42005","PA","Pennsylvania","Armstrong","Federal","Onshore","Federal onshore","County","County","","PA2Ar","2025-02-19T18:29:36.469322+00:00","2025-02-19T18:29:36.469322+00:00"
"87916","Pennsylvania, Bedford","42009","PA","Pennsylvania","Bedford","Federal","Onshore","Federal onshore","County","County","","PA2Be","2025-02-19T18:29:36.469322+00:00","2025-02-19T18:29:36.469322+00:00"
"87917","Pennsylvania, Bradford","42015","PA","Pennsylvania","Bradford","Federal","Onshore","Federal onshore","County","County","","PA2Br","2025-02-19T18:29:36.469322+00:00","2025-02-19T18:29:36.469322+00:00"
"87918","Pennsylvania, Forest","42053","PA","Pennsylvania","Forest","Federal","Onshore","Federal onshore","County","County","","PA2Fo","2025-02-19T18:29:36.469322+00:00","2025-02-19T18:29:36.469322+00:00"
"87919","Pennsylvania, Indiana","42063","PA","Pennsylvania","Indiana","Federal","Onshore","Federal onshore","County","County","","PA2In","2025-02-19T18:29:36.469322+00:00","2025-02-19T18:29:36.469322+00:00"
"87920","Pennsylvania, Jefferson","42065","PA","Pennsylvania","Jefferson","Federal","Onshore","Federal onshore","County","County","","PA2Je","2025-02-19T18:29:36.469322+00:00","2025-02-19T18:29:36.469322+00:00"
"87921","Pennsylvania, Warren","42123","PA","Pennsylvania","Warren","Federal","Onshore","Federal onshore","County","County","","PA2Wa","2025-02-19T18:29:36.469322+00:00","2025-02-19T18:29:36.469322+00:00"
"87922","Pennsylvania, Westmoreland","42129","PA","Pennsylvania","Westmoreland","Federal","Onshore","Federal onshore","County","County","","PA2We","2025-02-19T18:29:36.469322+00:00","2025-02-19T18:29:36.469322+00:00"
"87923","South Carolina, Abbeville","45001","SC","South Carolina","Abbeville","Federal","Onshore","Federal onshore","County","County","","SC2Ab","2025-02-19T18:29:36.469322+00:00","2025-02-19T18:29:36.469322+00:00"
"87924","South Dakota, Butte","46019","SD","South Dakota","Butte","Federal","Onshore","Federal onshore","County","County","","SD2Bu","2025-02-19T18:29:36.469322+00:00","2025-02-19T18:29:36.469322+00:00"
"87925","South Dakota, Custer","46033","SD","South Dakota","Custer","Federal","Onshore","Federal onshore","County","County","","SD2Cu","2025-02-19T18:29:36.469322+00:00","2025-02-19T18:29:36.469322+00:00"
"87926","South Dakota, Douglas","46043","SD","South Dakota","Douglas","Federal","Onshore","Federal onshore","County","County","","SD2Do","2025-02-19T18:29:36.469322+00:00","2025-02-19T18:29:36.469322+00:00"
"87927","South Dakota, Fall River","46047","SD","South Dakota","Fall River","Federal","Onshore","Federal onshore","County","County","","SD2Fa","2025-02-19T18:29:36.469322+00:00","2025-02-19T18:29:36.469322+00:00"
"87928","South Dakota, Harding","46063","SD","South Dakota","Harding","Federal","Onshore","Federal onshore","County","County","","SD2Ha","2025-02-19T18:29:36.469322+00:00","2025-02-19T18:29:36.469322+00:00"
"87929","South Dakota, Meade","46093","SD","South Dakota","Meade","Federal","Onshore","Federal onshore","County","County","","SD2Me","2025-02-19T18:29:36.469322+00:00","2025-02-19T18:29:36.469322+00:00"
"87994","Utah, Beaver","49001","UT","Utah","Beaver","Federal","Onshore","Federal onshore","County","County","","UT2Be","2025-02-19T18:29:36.469322+00:00","2025-02-19T18:29:36.469322+00:00"
"87995","Utah, Box Elder","49003","UT","Utah","Box Elder","Federal","Onshore","Federal onshore","County","County","","UT2Bo","2025-02-19T18:29:36.469322+00:00","2025-02-19T18:29:36.469322+00:00"
"87996","Utah, Carbon","49007","UT","Utah","Carbon","Federal","Onshore","Federal onshore","County","County","","UT2Ca","2025-02-19T18:29:36.469322+00:00","2025-02-19T18:29:36.469322+00:00"
"87997","Utah, Daggett","49009","UT","Utah","Daggett","Federal","Onshore","Federal onshore","County","County","","UT2Da","2025-02-19T18:29:36.469322+00:00","2025-02-19T18:29:36.469322+00:00"
"87998","Utah, Davis","49011","UT","Utah","Davis","Federal","Onshore","Federal onshore","County","County","","UT2Da","2025-02-19T18:29:36.469322+00:00","2025-02-19T18:29:36.469322+00:00"
"87999","Utah, Duchesne","49013","UT","Utah","Duchesne","Federal","Onshore","Federal onshore","County","County","","UT2Du","2025-02-19T18:29:36.469322+00:00","2025-02-19T18:29:36.469322+00:00"
"88000","Utah, Emery","49015","UT","Utah","Emery","Federal","Onshore","Federal onshore","County","County","","UT2Em","2025-02-19T18:29:36.469322+00:00","2025-02-19T18:29:36.469322+00:00"
"88001","Utah, Garfield","49017","UT","Utah","Garfield","Federal","Onshore","Federal onshore","County","County","","UT2Ga","2025-02-19T18:29:36.469322+00:00","2025-02-19T18:29:36.469322+00:00"
"88075","Location not published","NA","Native American","","","Native American","Not Tied to a Lease","Native American","","","","zzz","2025-02-19T18:29:36.469322+00:00","2025-02-19T18:29:36.469322+00:00"
"88076","Location not published","NA","Native American","","","Native American","Onshore","Native American","","","","zzz","2025-02-19T18:29:36.469322+00:00","2025-02-19T18:29:36.469322+00:00"
"88255","Location not published","","","","","Native American","Onshore","Native American","","","","zzz","2025-02-19T18:29:36.469322+00:00","2025-02-19T18:29:36.469322+00:00"
"88077","Not tied to a location","NL","Nationwide","","","Federal","Onshore","Federal onshore","","","","zZz","2025-02-19T18:29:36.469322+00:00","2025-02-19T18:29:36.469322+00:00"
"88078","Not tied to a region","NL","Nationwide","","","Federal","Offshore","Federal offshore","","","","zZZ","2025-02-19T18:29:36.469322+00:00","2025-02-19T18:29:36.469322+00:00"
"89071","Alaska","AK","AK","Alaska","","Federal","Offshore","Federal offshore","State","State","","AK1","2025-02-19T18:29:36.469322+00:00","2025-02-19T18:29:36.469322+00:00"
"89076","Louisiana","LA","LA","Louisiana","","Federal","Offshore","Federal offshore","State","State","","LA1","2025-02-19T18:29:36.469322+00:00","2025-02-19T18:29:36.469322+00:00"
"89096","Massachusetts","MA","MA","Massachusetts","","Federal","Offshore","Federal offshore","State","State","","MA1","2025-02-19T18:29:36.469322+00:00","2025-02-19T18:29:36.469322+00:00"
"89097","Mississippi","MS","MS","Mississippi","","Federal","Offshore","Federal offshore","State","State","","MS1","2025-02-19T18:29:36.469322+00:00","2025-02-19T18:29:36.469322+00:00"
"89070","Not tied to a region","AC","AC","","","Federal","Offshore","Federal offshore","State","State","","AC1","2025-02-19T18:29:36.469322+00:00","2025-02-19T18:29:36.469322+00:00"
"88248","Arkansas, Sharp","05135","AR","Arkansas","Sharp","Federal","Onshore","Federal onshore","County","County","","AR2Sh","2025-02-19T18:29:36.469322+00:00","2025-02-19T18:29:36.469322+00:00"
"88164","California, Tehama","06103","CA","California","Tehama","Federal","Onshore","Federal onshore","County","County","","CA2Te","2025-02-19T18:29:36.469322+00:00","2025-02-19T18:29:36.469322+00:00"
"89077","Louisiana, Assumption","22007","LA","Louisiana","Assumption","Federal","Offshore","Federal offshore","County","County","","LA2As","2025-02-19T18:29:36.469322+00:00","2025-02-19T18:29:36.469322+00:00"
"89078","Louisiana, Calcasieu","22019","LA","Louisiana","Calcasieu","Federal","Offshore","Federal offshore","County","County","","LA2Ca","2025-02-19T18:29:36.469322+00:00","2025-02-19T18:29:36.469322+00:00"
"89079","Louisiana, Cameron","22023","LA","Louisiana","Cameron","Federal","Offshore","Federal offshore","County","County","","LA2Ca","2025-02-19T18:29:36.469322+00:00","2025-02-19T18:29:36.469322+00:00"
"89080","Louisiana, Iberia","22045","LA","Louisiana","Iberia","Federal","Offshore","Federal offshore","County","County","","LA2Ib","2025-02-19T18:29:36.469322+00:00","2025-02-19T18:29:36.469322+00:00"
"88404","Arkansas, Scott","05127","AR","Arkansas","Scott","Mixed Exploratory","Onshore","Federal onshore","County","County","","AR2Sc","2025-02-19T18:29:36.469322+00:00","2025-02-19T18:29:36.469322+00:00"
"88517","Arkansas, Sebastian","05131","AR","Arkansas","Sebastian","Mixed Exploratory","Onshore","Federal onshore","County","County","","AR2Se","2025-02-19T18:29:36.469322+00:00","2025-02-19T18:29:36.469322+00:00"
"88197","California, Kern","06029","CA","California","Kern","Mixed Exploratory","Onshore","Federal onshore","County","County","","CA2Ke","2025-02-19T18:29:36.469322+00:00","2025-02-19T18:29:36.469322+00:00"
"88133","Colorado, Gunnison","08051","CO","Colorado","Gunnison","Mixed Exploratory","Onshore","Federal onshore","County","County","","CO2Gu","2025-02-19T18:29:36.469322+00:00","2025-02-19T18:29:36.469322+00:00"
"89072","Alabama","AL","AL","Alabama","","Federal","Offshore","Federal offshore","State","State","","AL1","2025-02-19T18:29:36.469322+00:00","2025-02-19T18:29:36.469322+00:00"
"87336","Alabama, Baldwin","01003","AL","Alabama","Baldwin","Federal","Onshore","Federal onshore","County","County","","AL2Ba","2025-02-19T18:29:36.469322+00:00","2025-02-19T18:29:36.469322+00:00"
"87337","Alabama, Bibb","01007","AL","Alabama","Bibb","Federal","Onshore","Federal onshore","County","County","","AL2Bi","2025-02-19T18:29:36.469322+00:00","2025-02-19T18:29:36.469322+00:00"
"87338","Alabama, Blount","01009","AL","Alabama","Blount","Federal","Onshore","Federal onshore","County","County","","AL2Bl","2025-02-19T18:29:36.469322+00:00","2025-02-19T18:29:36.469322+00:00"
"87339","Alabama, Chilton","01021","AL","Alabama","Chilton","Federal","Onshore","Federal onshore","County","County","","AL2Ch","2025-02-19T18:29:36.469322+00:00","2025-02-19T18:29:36.469322+00:00"
"87340","Alabama, Choctaw","01023","AL","Alabama","Choctaw","Federal","Onshore","Federal onshore","County","County","","AL2Ch","2025-02-19T18:29:36.469322+00:00","2025-02-19T18:29:36.469322+00:00"
"87341","Alabama, Clarke","01025","AL","Alabama","Clarke","Federal","Onshore","Federal onshore","County","County","","AL2Cl","2025-02-19T18:29:36.469322+00:00","2025-02-19T18:29:36.469322+00:00"
"87342","Alabama, Conecuh","01035","AL","Alabama","Conecuh","Federal","Onshore","Federal onshore","County","County","","AL2Co","2025-02-19T18:29:36.469322+00:00","2025-02-19T18:29:36.469322+00:00"
"87343","Alabama, Covington","01039","AL","Alabama","Covington","Federal","Onshore","Federal onshore","County","County","","AL2Co","2025-02-19T18:29:36.469322+00:00","2025-02-19T18:29:36.469322+00:00"
"87344","Alabama, Escambia","01053","AL","Alabama","Escambia","Federal","Onshore","Federal onshore","County","County","","AL2Es","2025-02-19T18:29:36.469322+00:00","2025-02-19T18:29:36.469322+00:00"
"87345","Alabama, Etowah","01055","AL","Alabama","Etowah","Federal","Onshore","Federal onshore","County","County","","AL2Et","2025-02-19T18:29:36.469322+00:00","2025-02-19T18:29:36.469322+00:00"
"87346","Alabama, Fayette","01057","AL","Alabama","Fayette","Federal","Onshore","Federal onshore","County","County","","AL2Fa","2025-02-19T18:29:36.469322+00:00","2025-02-19T18:29:36.469322+00:00"
"87347","Alabama, Greene","01063","AL","Alabama","Greene","Federal","Onshore","Federal onshore","County","County","","AL2Gr","2025-02-19T18:29:36.469322+00:00","2025-02-19T18:29:36.469322+00:00"
"87348","Alabama, Hale","01065","AL","Alabama","Hale","Federal","Onshore","Federal onshore","County","County","","AL2Ha","2025-02-19T18:29:36.469322+00:00","2025-02-19T18:29:36.469322+00:00"
"87349","Alabama, Jefferson","01073","AL","Alabama","Jefferson","Federal","Onshore","Federal onshore","County","County","","AL2Je","2025-02-19T18:29:36.469322+00:00","2025-02-19T18:29:36.469322+00:00"
"87350","Alabama, Lamar","01075","AL","Alabama","Lamar","Federal","Onshore","Federal onshore","County","County","","AL2La","2025-02-19T18:29:36.469322+00:00","2025-02-19T18:29:36.469322+00:00"
"87351","Alabama, Marshall","01095","AL","Alabama","Marshall","Federal","Onshore","Federal onshore","County","County","","AL2Ma","2025-02-19T18:29:36.469322+00:00","2025-02-19T18:29:36.469322+00:00"
"87352","Alabama, Mobile","01097","AL","Alabama","Mobile","Federal","Onshore","Federal onshore","County","County","","AL2Mo","2025-02-19T18:29:36.469322+00:00","2025-02-19T18:29:36.469322+00:00"
"87353","Alabama, Mobile Offshore","01097","AL","Alabama","Mobile Offshore","Federal","Onshore","Federal onshore","County","County","","AL2Mo","2025-02-19T18:29:36.469322+00:00","2025-02-19T18:29:36.469322+00:00"
"87354","Alabama, Perry","01105","AL","Alabama","Perry","Federal","Onshore","Federal onshore","County","County","","AL2Pe","2025-02-19T18:29:36.469322+00:00","2025-02-19T18:29:36.469322+00:00"
"87355","Alabama, Pickens","01107","AL","Alabama","Pickens","Federal","Onshore","Federal onshore","County","County","","AL2Pi","2025-02-19T18:29:36.469322+00:00","2025-02-19T18:29:36.469322+00:00"
"87356","Alabama, Shelby","01117","AL","Alabama","Shelby","Federal","Onshore","Federal onshore","County","County","","AL2Sh","2025-02-19T18:29:36.469322+00:00","2025-02-19T18:29:36.469322+00:00"
"89073","Alabama, Baldwin","01003","AL","Alabama","Baldwin","Federal","Offshore","Federal offshore","County","County","","AL2Ba","2025-02-19T18:29:36.469322+00:00","2025-02-19T18:29:36.469322+00:00"
"89074","Alabama, Mobile","01097","AL","Alabama","Mobile","Federal","Offshore","Federal offshore","County","County","","AL2Mo","2025-02-19T18:29:36.469322+00:00","2025-02-19T18:29:36.469322+00:00"
"87428","California, Ventura","06111","CA","California","Ventura","Federal","Onshore","Federal onshore","County","County","","CA2Ve","2025-02-19T18:29:36.469322+00:00","2025-02-19T18:29:36.469322+00:00"
"87429","California, Yolo","06113","CA","California","Yolo","Federal","Onshore","Federal onshore","County","County","","CA2Yo","2025-02-19T18:29:36.469322+00:00","2025-02-19T18:29:36.469322+00:00"
"87589","Louisiana, Morehouse","22067","LA","Louisiana","Morehouse","Federal","Onshore","Federal onshore","County","County","","LA2Mo","2025-02-19T18:29:36.469322+00:00","2025-02-19T18:29:36.469322+00:00"
"87769","Nebraska, Deuel","31049","NE","Nebraska","Deuel","Federal","Onshore","Federal onshore","County","County","","NE2De","2025-02-19T18:29:36.469322+00:00","2025-02-19T18:29:36.469322+00:00"
"87362","Arkansas, Crawford","05033","AR","Arkansas","Crawford","Federal","Onshore","Federal onshore","County","County","","AR2Cr","2025-02-19T18:29:36.469322+00:00","2025-02-19T18:29:36.469322+00:00"
"87363","Arkansas, Cross","05037","AR","Arkansas","Cross","Federal","Onshore","Federal onshore","County","County","","AR2Cr","2025-02-19T18:29:36.469322+00:00","2025-02-19T18:29:36.469322+00:00"
"87364","Arkansas, Faulkner","05045","AR","Arkansas","Faulkner","Federal","Onshore","Federal onshore","County","County","","AR2Fa","2025-02-19T18:29:36.469322+00:00","2025-02-19T18:29:36.469322+00:00"
"87365","Arkansas, Franklin","05047","AR","Arkansas","Franklin","Federal","Onshore","Federal onshore","County","County","","AR2Fr","2025-02-19T18:29:36.469322+00:00","2025-02-19T18:29:36.469322+00:00"
"87960","Texas, Jefferson","48245","TX","Texas","Jefferson","Federal","Onshore","Federal onshore","County","County","","TX2Je","2025-02-19T18:29:36.469322+00:00","2025-02-19T18:29:36.469322+00:00"
"89149","Michigan","MI","MI","Michigan","","Federal","Onshore","Federal onshore","State","State","","MI1","2025-02-19T18:29:36.469322+00:00","2025-02-19T18:29:36.469322+00:00"
"89150","Minnesota","MN","MN","Minnesota","","Federal","Onshore","Federal onshore","State","State","","MN1","2025-02-19T18:29:36.469322+00:00","2025-02-19T18:29:36.469322+00:00"
"89151","Missouri","MO","MO","Missouri","","Federal","Onshore","Federal onshore","State","State","","MO1","2025-02-19T18:29:36.469322+00:00","2025-02-19T18:29:36.469322+00:00"
"89153","Montana","MT","MT","Montana","","Federal","Onshore","Federal onshore","State","State","","MT1","2025-02-19T18:29:36.469322+00:00","2025-02-19T18:29:36.469322+00:00"
"89156","Nebraska","NE","NE","Nebraska","","Federal","Onshore","Federal onshore","State","State","","NE1","2025-02-19T18:29:36.469322+00:00","2025-02-19T18:29:36.469322+00:00"
"89160","Nevada","NV","NV","Nevada","","Federal","Onshore","Federal onshore","State","State","","NV1","2025-02-19T18:29:36.469322+00:00","2025-02-19T18:29:36.469322+00:00"
"89157","New Mexico","NM","NM","New Mexico","","Federal","Onshore","Federal onshore","State","State","","NM1","2025-02-19T18:29:36.469322+00:00","2025-02-19T18:29:36.469322+00:00"
"89154","North Carolina","NC","NC","North Carolina","","Federal","Onshore","Federal onshore","State","State","","NC1","2025-02-19T18:29:36.469322+00:00","2025-02-19T18:29:36.469322+00:00"
"89155","North Dakota","ND","ND","North Dakota","","Federal","Onshore","Federal onshore","State","State","","ND1","2025-02-19T18:29:36.469322+00:00","2025-02-19T18:29:36.469322+00:00"
"89173","Ohio","OH","OH","Ohio","","Federal","Onshore","Federal onshore","State","State","","OH1","2025-02-19T18:29:36.469322+00:00","2025-02-19T18:29:36.469322+00:00"
"89174","Oklahoma","OK","OK","Oklahoma","","Federal","Onshore","Federal onshore","State","State","","OK1","2025-02-19T18:29:36.469322+00:00","2025-02-19T18:29:36.469322+00:00"
"89175","Oregon","OR","OR","Oregon","","Federal","Onshore","Federal onshore","State","State","","OR1","2025-02-19T18:29:36.469322+00:00","2025-02-19T18:29:36.469322+00:00"
"89178","Pennsylvania","PA","PA","Pennsylvania","","Federal","Onshore","Federal onshore","State","State","","PA1","2025-02-19T18:29:36.469322+00:00","2025-02-19T18:29:36.469322+00:00"
"89179","South Carolina","SC","SC","South Carolina","","Federal","Onshore","Federal onshore","State","State","","SC1","2025-02-19T18:29:36.469322+00:00","2025-02-19T18:29:36.469322+00:00"
"89081","Louisiana, Jefferson","22051","LA","Louisiana","Jefferson","Federal","Offshore","Federal offshore","County","County","","LA2Je","2025-02-19T18:29:36.469322+00:00","2025-02-19T18:29:36.469322+00:00"
"89082","Louisiana, Lafourche","22057","LA","Louisiana","Lafourche","Federal","Offshore","Federal offshore","County","County","","LA2La","2025-02-19T18:29:36.469322+00:00","2025-02-19T18:29:36.469322+00:00"
"89083","Louisiana, Livingston","22063","LA","Louisiana","Livingston","Federal","Offshore","Federal offshore","County","County","","LA2Li","2025-02-19T18:29:36.469322+00:00","2025-02-19T18:29:36.469322+00:00"
"89084","Louisiana, Orleans","22071","LA","Louisiana","Orleans","Federal","Offshore","Federal offshore","County","County","","LA2Or","2025-02-19T18:29:36.469322+00:00","2025-02-19T18:29:36.469322+00:00"
"89085","Louisiana, Plaquemines","22075","LA","Louisiana","Plaquemines","Federal","Offshore","Federal offshore","County","County","","LA2Pl","2025-02-19T18:29:36.469322+00:00","2025-02-19T18:29:36.469322+00:00"
"89086","Louisiana, St. Bernard","22087","LA","Louisiana","St. Bernard","Federal","Offshore","Federal offshore","County","County","","LA2St","2025-02-19T18:29:36.469322+00:00","2025-02-19T18:29:36.469322+00:00"
"89087","Louisiana, St. Charles","22089","LA","Louisiana","St. Charles","Federal","Offshore","Federal offshore","County","County","","LA2St","2025-02-19T18:29:36.469322+00:00","2025-02-19T18:29:36.469322+00:00"
"89088","Louisiana, St. James","22093","LA","Louisiana","St. James","Federal","Offshore","Federal offshore","County","County","","LA2St","2025-02-19T18:29:36.469322+00:00","2025-02-19T18:29:36.469322+00:00"
"89098","Mississippi, Hancock","28045","MS","Mississippi","Hancock","Federal","Offshore","Federal offshore","County","County","","MS2Ha","2025-02-19T18:29:36.469322+00:00","2025-02-19T18:29:36.469322+00:00"
"88156","Montana, Liberty","30051","MT","Montana","Liberty","Mixed Exploratory","Onshore","Federal onshore","County","County","","MT2Li","2025-02-19T18:29:36.469322+00:00","2025-02-19T18:29:36.469322+00:00"
"88298","Montana, Prairie","30079","MT","Montana","Prairie","Mixed Exploratory","Onshore","Federal onshore","County","County","","MT2Pr","2025-02-19T18:29:36.469322+00:00","2025-02-19T18:29:36.469322+00:00"
"88343","Montana, Stillwater","30095","MT","Montana","Stillwater","Mixed Exploratory","Onshore","Federal onshore","County","County","","MT2St","2025-02-19T18:29:36.469322+00:00","2025-02-19T18:29:36.469322+00:00"
"88357","Montana, Phillips","30071","MT","Montana","Phillips","Mixed Exploratory","Onshore","Federal onshore","County","County","","MT2Ph","2025-02-19T18:29:36.469322+00:00","2025-02-19T18:29:36.469322+00:00"
"88366","Montana, Dawson","30021","MT","Montana","Dawson","Mixed Exploratory","Onshore","Federal onshore","County","County","","MT2Da","2025-02-19T18:29:36.469322+00:00","2025-02-19T18:29:36.469322+00:00"
"88491","Montana, Glacier","30035","MT","Montana","Glacier","Mixed Exploratory","Onshore","Federal onshore","County","County","","MT2Gl","2025-02-19T18:29:36.469322+00:00","2025-02-19T18:29:36.469322+00:00"
"88518","Montana, Wibaux","30109","MT","Montana","Wibaux","Mixed Exploratory","Onshore","Federal onshore","County","County","","MT2Wi","2025-02-19T18:29:36.469322+00:00","2025-02-19T18:29:36.469322+00:00"
"88549","Montana, Fallon","30025","MT","Montana","Fallon","Mixed Exploratory","Onshore","Federal onshore","County","County","","MT2Fa","2025-02-19T18:29:36.469322+00:00","2025-02-19T18:29:36.469322+00:00"
"88144","New Mexico, Eddy","35015","NM","New Mexico","Eddy","Mixed Exploratory","Onshore","Federal onshore","County","County","","NM2Ed","2025-02-19T18:29:36.469322+00:00","2025-02-19T18:29:36.469322+00:00"
"88209","New Mexico, San Juan","35045","NM","New Mexico","San Juan","Mixed Exploratory","Onshore","Federal onshore","County","County","","NM2Sa","2025-02-19T18:29:36.469322+00:00","2025-02-19T18:29:36.469322+00:00"
"88344","New Mexico, Rio Arriba","35039","NM","New Mexico","Rio Arriba","Mixed Exploratory","Onshore","Federal onshore","County","County","","NM2Ri","2025-02-19T18:29:36.469322+00:00","2025-02-19T18:29:36.469322+00:00"
"88370","New Mexico, Lea","35025","NM","New Mexico","Lea","Mixed Exploratory","Onshore","Federal onshore","County","County","","NM2Le","2025-02-19T18:29:36.469322+00:00","2025-02-19T18:29:36.469322+00:00"
"88379","New Mexico, Chaves","35005","NM","New Mexico","Chaves","Mixed Exploratory","Onshore","Federal onshore","County","County","","NM2Ch","2025-02-19T18:29:36.469322+00:00","2025-02-19T18:29:36.469322+00:00"
"88143","North Dakota, Bowman","38011","ND","North Dakota","Bowman","Mixed Exploratory","Onshore","Federal onshore","County","County","","ND2Bo","2025-02-19T18:29:36.469322+00:00","2025-02-19T18:29:36.469322+00:00"
"88260","Oklahoma, Major","40093","OK","Oklahoma","Major","Mixed Exploratory","Onshore","Federal onshore","County","County","","OK2Ma","2025-02-19T18:29:36.469322+00:00","2025-02-19T18:29:36.469322+00:00"
"88162","Texas, Shelby","48419","TX","Texas","Shelby","Mixed Exploratory","Onshore","Federal onshore","County","County","","TX2Sh","2025-02-19T18:29:36.469322+00:00","2025-02-19T18:29:36.469322+00:00"
"88135","Utah, Grand","49019","UT","Utah","Grand","Mixed Exploratory","Onshore","Federal onshore","County","County","","UT2Gr","2025-02-19T18:29:36.469322+00:00","2025-02-19T18:29:36.469322+00:00"
"88194","Utah, Emery","49015","UT","Utah","Emery","Mixed Exploratory","Onshore","Federal onshore","County","County","","UT2Em","2025-02-19T18:29:36.469322+00:00","2025-02-19T18:29:36.469322+00:00"
"88288","California, San Luis Obispo","06079","CA","California","San Luis Obispo","Mixed Exploratory","Onshore","Federal onshore","County","County","","CA2Sa","2025-02-19T18:29:36.469322+00:00","2025-02-19T18:29:36.469322+00:00"
"88166","Colorado, Moffat","08081","CO","Colorado","Moffat","Mixed Exploratory","Onshore","Federal onshore","County","County","","CO2Mo","2025-02-19T18:29:36.469322+00:00","2025-02-19T18:29:36.469322+00:00"
"88185","Colorado, Routt","08107","CO","Colorado","Routt","Mixed Exploratory","Onshore","Federal onshore","County","County","","CO2Ro","2025-02-19T18:29:36.469322+00:00","2025-02-19T18:29:36.469322+00:00"
"88196","Colorado, Las Animas","08071","CO","Colorado","Las Animas","Mixed Exploratory","Onshore","Federal onshore","County","County","","CO2La","2025-02-19T18:29:36.469322+00:00","2025-02-19T18:29:36.469322+00:00"
"88200","Colorado, Archuleta","08007","CO","Colorado","Archuleta","Mixed Exploratory","Onshore","Federal onshore","County","County","","CO2Ar","2025-02-19T18:29:36.469322+00:00","2025-02-19T18:29:36.469322+00:00"
"88218","Colorado, Delta","08029","CO","Colorado","Delta","Mixed Exploratory","Onshore","Federal onshore","County","County","","CO2De","2025-02-19T18:29:36.469322+00:00","2025-02-19T18:29:36.469322+00:00"
"88292","Colorado, Garfield","08045","CO","Colorado","Garfield","Mixed Exploratory","Onshore","Federal onshore","County","County","","CO2Ga","2025-02-19T18:29:36.469322+00:00","2025-02-19T18:29:36.469322+00:00"
"88333","Colorado, Weld","08123","CO","Colorado","Weld","Mixed Exploratory","Onshore","Federal onshore","County","County","","CO2We","2025-02-19T18:29:36.469322+00:00","2025-02-19T18:29:36.469322+00:00"
"88475","Colorado, San Miguel","08113","CO","Colorado","San Miguel","Mixed Exploratory","Onshore","Federal onshore","County","County","","CO2Sa","2025-02-19T18:29:36.469322+00:00","2025-02-19T18:29:36.469322+00:00"
"88515","Colorado, Rio Blanco","08103","CO","Colorado","Rio Blanco","Mixed Exploratory","Onshore","Federal onshore","County","County","","CO2Ri","2025-02-19T18:29:36.469322+00:00","2025-02-19T18:29:36.469322+00:00"
"88538","Colorado, La Plata","08067","CO","Colorado","La Plata","Mixed Exploratory","Onshore","Federal onshore","County","County","","CO2La","2025-02-19T18:29:36.469322+00:00","2025-02-19T18:29:36.469322+00:00"
"89089","Louisiana, St. John the Baptist","22095","LA","Louisiana","St. John the Baptist","Federal","Offshore","Federal offshore","County","County","","LA2St","2025-02-19T18:29:36.469322+00:00","2025-02-19T18:29:36.469322+00:00"
"89090","Louisiana, St. Martin","22099","LA","Louisiana","St. Martin","Federal","Offshore","Federal offshore","County","County","","LA2St","2025-02-19T18:29:36.469322+00:00","2025-02-19T18:29:36.469322+00:00"
"89091","Louisiana, St. Mary","22101","LA","Louisiana","St. Mary","Federal","Offshore","Federal offshore","County","County","","LA2St","2025-02-19T18:29:36.469322+00:00","2025-02-19T18:29:36.469322+00:00"
"89092","Louisiana, St. Tammany","22103","LA","Louisiana","St. Tammany","Federal","Offshore","Federal offshore","County","County","","LA2St","2025-02-19T18:29:36.469322+00:00","2025-02-19T18:29:36.469322+00:00"
"89093","Louisiana, Tangipahoa","22105","LA","Louisiana","Tangipahoa","Federal","Offshore","Federal offshore","County","County","","LA2Ta","2025-02-19T18:29:36.469322+00:00","2025-02-19T18:29:36.469322+00:00"
"89094","Louisiana, Terrebonne","22109","LA","Louisiana","Terrebonne","Federal","Offshore","Federal offshore","County","County","","LA2Te","2025-02-19T18:29:36.469322+00:00","2025-02-19T18:29:36.469322+00:00"
"89095","Louisiana, Vermilion","22113","LA","Louisiana","Vermilion","Federal","Offshore","Federal offshore","County","County","","LA2Ve","2025-02-19T18:29:36.469322+00:00","2025-02-19T18:29:36.469322+00:00"
"89099","Mississippi, Harrison","28047","MS","Mississippi","Harrison","Federal","Offshore","Federal offshore","County","County","","MS2Ha","2025-02-19T18:29:36.469322+00:00","2025-02-19T18:29:36.469322+00:00"
"89100","Mississippi, Jackson","28059","MS","Mississippi","Jackson","Federal","Offshore","Federal offshore","County","County","","MS2Ja","2025-02-19T18:29:36.469322+00:00","2025-02-19T18:29:36.469322+00:00"
"87509","Illinois, Jefferson","17081","IL","Illinois","Jefferson","Federal","Onshore","Federal onshore","County","County","","IL2Je","2025-02-19T18:29:36.469322+00:00","2025-02-19T18:29:36.469322+00:00"
"87510","Illinois, Union","17181","IL","Illinois","Union","Federal","Onshore","Federal onshore","County","County","","IL2Un","2025-02-19T18:29:36.469322+00:00","2025-02-19T18:29:36.469322+00:00"
"87715","Montana, Granite","30039","MT","Montana","Granite","Federal","Onshore","Federal onshore","County","County","","MT2Gr","2025-02-19T18:29:36.469322+00:00","2025-02-19T18:29:36.469322+00:00"
"89103","Texas, Aransas","48007","TX","Texas","Aransas","Federal","Offshore","Federal offshore","County","County","","TX2Ar","2025-02-19T18:29:36.469322+00:00","2025-02-19T18:29:36.469322+00:00"
"89104","Texas, Brazoria","48039","TX","Texas","Brazoria","Federal","Offshore","Federal offshore","County","County","","TX2Br","2025-02-19T18:29:36.469322+00:00","2025-02-19T18:29:36.469322+00:00"
"89105","Texas, Calhoun","48057","TX","Texas","Calhoun","Federal","Offshore","Federal offshore","County","County","","TX2Ca","2025-02-19T18:29:36.469322+00:00","2025-02-19T18:29:36.469322+00:00"
"87716","Montana, Hill","30041","MT","Montana","Hill","Federal","Onshore","Federal onshore","County","County","","MT2Hi","2025-02-19T18:29:36.469322+00:00","2025-02-19T18:29:36.469322+00:00"
"87717","Montana, Lew And Clar","30049","MT","Montana","Lew And Clar","Federal","Onshore","Federal onshore","County","County","","MT2Le","2025-02-19T18:29:36.469322+00:00","2025-02-19T18:29:36.469322+00:00"
"87718","Montana, Liberty","30051","MT","Montana","Liberty","Federal","Onshore","Federal onshore","County","County","","MT2Li","2025-02-19T18:29:36.469322+00:00","2025-02-19T18:29:36.469322+00:00"
"87930","South Dakota, Stanley","46117","SD","South Dakota","Stanley","Federal","Onshore","Federal onshore","County","County","","SD2St","2025-02-19T18:29:36.469322+00:00","2025-02-19T18:29:36.469322+00:00"
"87931","Tennessee, Scott","47151","TN","Tennessee","Scott","Federal","Onshore","Federal onshore","County","County","","TN2Sc","2025-02-19T18:29:36.469322+00:00","2025-02-19T18:29:36.469322+00:00"
"87932","Texas, Angelina","48005","TX","Texas","Angelina","Federal","Onshore","Federal onshore","County","County","","TX2An","2025-02-19T18:29:36.469322+00:00","2025-02-19T18:29:36.469322+00:00"
"87933","Texas, Armstrong","48011","TX","Texas","Armstrong","Federal","Onshore","Federal onshore","County","County","","TX2Ar","2025-02-19T18:29:36.469322+00:00","2025-02-19T18:29:36.469322+00:00"
"87934","Texas, Bastrop","48021","TX","Texas","Bastrop","Federal","Onshore","Federal onshore","County","County","","TX2Ba","2025-02-19T18:29:36.469322+00:00","2025-02-19T18:29:36.469322+00:00"
"87935","Texas, Bee","48025","TX","Texas","Bee","Federal","Onshore","Federal onshore","County","County","","TX2Be","2025-02-19T18:29:36.469322+00:00","2025-02-19T18:29:36.469322+00:00"
"87936","Texas, Bosque","48035","TX","Texas","Bosque","Federal","Onshore","Federal onshore","County","County","","TX2Bo","2025-02-19T18:29:36.469322+00:00","2025-02-19T18:29:36.469322+00:00"
"87937","Texas, Bowie","48037","TX","Texas","Bowie","Federal","Onshore","Federal onshore","County","County","","TX2Bo","2025-02-19T18:29:36.469322+00:00","2025-02-19T18:29:36.469322+00:00"
"87938","Texas, Brazoria","48039","TX","Texas","Brazoria","Federal","Onshore","Federal onshore","County","County","","TX2Br","2025-02-19T18:29:36.469322+00:00","2025-02-19T18:29:36.469322+00:00"
"87358","Alabama, Tuscaloosa","01125","AL","Alabama","Tuscaloosa","Federal","Onshore","Federal onshore","County","County","","AL2Tu","2025-02-19T18:29:36.469322+00:00","2025-02-19T18:29:36.469322+00:00"
"87370","Arkansas, Lafayette","05073","AR","Arkansas","Lafayette","Federal","Onshore","Federal onshore","County","County","","AR2La","2025-02-19T18:29:36.469322+00:00","2025-02-19T18:29:36.469322+00:00"
"87366","Arkansas, Fulton","05049","AR","Arkansas","Fulton","Federal","Onshore","Federal onshore","County","County","","AR2Fu","2025-02-19T18:29:36.469322+00:00","2025-02-19T18:29:36.469322+00:00"
"89336","Tennessee","TN","TN","Tennessee","","Federal","Onshore","Federal onshore","State","State","","TN1","2025-02-19T18:29:36.469322+00:00","2025-02-19T18:29:36.469322+00:00"
"89187","Virginia","VA","VA","Virginia","","Federal","Onshore","Federal onshore","State","State","","VA1","2025-02-19T18:29:36.469322+00:00","2025-02-19T18:29:36.469322+00:00"
"89101","Rhode Island","RI","RI","Rhode Island","","Federal","Offshore","Federal offshore","State","State","","RI1","2025-02-19T18:29:36.469322+00:00","2025-02-19T18:29:36.469322+00:00"
"89102","Texas","TX","TX","Texas","","Federal","Offshore","Federal offshore","State","State","","TX1","2025-02-19T18:29:36.469322+00:00","2025-02-19T18:29:36.469322+00:00"
"89075","California","CA","CA","California","","Federal","Offshore","Federal offshore","State","State","","CA1","2025-02-19T18:29:36.469322+00:00","2025-02-19T18:29:36.469322+00:00"
"89261","Florida","FL","FL","Florida","","Federal","Offshore","Federal offshore","State","State","","FL1","2025-02-19T18:29:36.469322+00:00","2025-02-19T18:29:36.469322+00:00"
"89123","Alabama","AL","AL","Alabama","","Federal","Onshore","Federal onshore","State","State","","AL1","2025-02-19T18:29:36.469322+00:00","2025-02-19T18:29:36.469322+00:00"
"89122","Alaska","AK","AK","Alaska","","Federal","Onshore","Federal onshore","State","State","","AK1","2025-02-19T18:29:36.469322+00:00","2025-02-19T18:29:36.469322+00:00"
"89125","Arizona","AZ","AZ","Arizona","","Federal","Onshore","Federal onshore","State","State","","AZ1","2025-02-19T18:29:36.469322+00:00","2025-02-19T18:29:36.469322+00:00"
"89124","Arkansas","AR","AR","Arkansas","","Federal","Onshore","Federal onshore","State","State","","AR1","2025-02-19T18:29:36.469322+00:00","2025-02-19T18:29:36.469322+00:00"
"89126","California","CA","CA","California","","Federal","Onshore","Federal onshore","State","State","","CA1","2025-02-19T18:29:36.469322+00:00","2025-02-19T18:29:36.469322+00:00"
"89138","Florida","FL","FL","Florida","","Federal","Onshore","Federal onshore","State","State","","FL1","2025-02-19T18:29:36.469322+00:00","2025-02-19T18:29:36.469322+00:00"
"89139","Idaho","ID","ID","Idaho","","Federal","Onshore","Federal onshore","State","State","","ID1","2025-02-19T18:29:36.469322+00:00","2025-02-19T18:29:36.469322+00:00"
"89144","Illinois","IL","IL","Illinois","","Federal","Onshore","Federal onshore","State","State","","IL1","2025-02-19T18:29:36.469322+00:00","2025-02-19T18:29:36.469322+00:00"
"89145","Indiana","IN","IN","Indiana","","Federal","Onshore","Federal onshore","State","State","","IN1","2025-02-19T18:29:36.469322+00:00","2025-02-19T18:29:36.469322+00:00"
"89146","Kansas","KS","KS","Kansas","","Federal","Onshore","Federal onshore","State","State","","KS1","2025-02-19T18:29:36.469322+00:00","2025-02-19T18:29:36.469322+00:00"
"89147","Kentucky","KY","KY","Kentucky","","Federal","Onshore","Federal onshore","State","State","","KY1","2025-02-19T18:29:36.469322+00:00","2025-02-19T18:29:36.469322+00:00"
"89148","Louisiana","LA","LA","Louisiana","","Federal","Onshore","Federal onshore","State","State","","LA1","2025-02-19T18:29:36.469322+00:00","2025-02-19T18:29:36.469322+00:00"
"89188","Washington","WA","WA","Washington","","Federal","Onshore","Federal onshore","State","State","","WA1","2025-02-19T18:29:36.469322+00:00","2025-02-19T18:29:36.469322+00:00"
"89191","West Virginia","WV","WV","West Virginia","","Federal","Onshore","Federal onshore","State","State","","WV1","2025-02-19T18:29:36.469322+00:00","2025-02-19T18:29:36.469322+00:00"
"89190","Wisconsin","WI","WI","Wisconsin","","Federal","Onshore","Federal onshore","State","State","","WI1","2025-02-19T18:29:36.469322+00:00","2025-02-19T18:29:36.469322+00:00"
"89192","Wyoming","WY","WY","Wyoming","","Federal","Onshore","Federal onshore","State","State","","WY1","2025-02-19T18:29:36.469322+00:00","2025-02-19T18:29:36.469322+00:00"
"89135","Colorado","CO","CO","Colorado","","Federal","Onshore","Federal onshore","State","State","","CO1","2025-02-19T18:29:36.469322+00:00","2025-02-19T18:29:36.469322+00:00"
"89152","Mississippi","MS","MS","Mississippi","","Federal","Onshore","Federal onshore","State","State","","MS1","2025-02-19T18:29:36.469322+00:00","2025-02-19T18:29:36.469322+00:00"
"89180","South Dakota","SD","SD","South Dakota","","Federal","Onshore","Federal onshore","State","State","","SD1","2025-02-19T18:29:36.469322+00:00","2025-02-19T18:29:36.469322+00:00"
"89181","Texas","TX","TX","Texas","","Federal","Onshore","Federal onshore","State","State","","TX1","2025-02-19T18:29:36.469322+00:00","2025-02-19T18:29:36.469322+00:00"
"87505","Illinois, Clinton","17027","IL","Illinois","Clinton","Federal","Onshore","Federal onshore","County","County","","IL2Cl","2025-02-19T18:29:36.469322+00:00","2025-02-19T18:29:36.469322+00:00"
"87506","Illinois, Fayette","17051","IL","Illinois","Fayette","Federal","Onshore","Federal onshore","County","County","","IL2Fa","2025-02-19T18:29:36.469322+00:00","2025-02-19T18:29:36.469322+00:00"
"87507","Illinois, Franklin","17055","IL","Illinois","Franklin","Federal","Onshore","Federal onshore","County","County","","IL2Fr","2025-02-19T18:29:36.469322+00:00","2025-02-19T18:29:36.469322+00:00"
"87508","Illinois, Hardin","17069","IL","Illinois","Hardin","Federal","Onshore","Federal onshore","County","County","","IL2Ha","2025-02-19T18:29:36.469322+00:00","2025-02-19T18:29:36.469322+00:00"
"87568","Louisiana, Avoyelles","22009","LA","Louisiana","Avoyelles","Federal","Onshore","Federal onshore","County","County","","LA2Av","2025-02-19T18:29:36.469322+00:00","2025-02-19T18:29:36.469322+00:00"
"87569","Louisiana, Beauregard","22011","LA","Louisiana","Beauregard","Federal","Onshore","Federal onshore","County","County","","LA2Be","2025-02-19T18:29:36.469322+00:00","2025-02-19T18:29:36.469322+00:00"
"87570","Louisiana, Bienville","22013","LA","Louisiana","Bienville","Federal","Onshore","Federal onshore","County","County","","LA2Bi","2025-02-19T18:29:36.469322+00:00","2025-02-19T18:29:36.469322+00:00"
"87571","Louisiana, Bossier","22015","LA","Louisiana","Bossier","Federal","Onshore","Federal onshore","County","County","","LA2Bo","2025-02-19T18:29:36.469322+00:00","2025-02-19T18:29:36.469322+00:00"
"87572","Louisiana, Caddo","22017","LA","Louisiana","Caddo","Federal","Onshore","Federal onshore","County","County","","LA2Ca","2025-02-19T18:29:36.469322+00:00","2025-02-19T18:29:36.469322+00:00"
"87573","Louisiana, Calcasieu","22019","LA","Louisiana","Calcasieu","Federal","Onshore","Federal onshore","County","County","","LA2Ca","2025-02-19T18:29:36.469322+00:00","2025-02-19T18:29:36.469322+00:00"
"87574","Louisiana, Caldwell","22021","LA","Louisiana","Caldwell","Federal","Onshore","Federal onshore","County","County","","LA2Ca","2025-02-19T18:29:36.469322+00:00","2025-02-19T18:29:36.469322+00:00"
"87575","Louisiana, Cameron","22023","LA","Louisiana","Cameron","Federal","Onshore","Federal onshore","County","County","","LA2Ca","2025-02-19T18:29:36.469322+00:00","2025-02-19T18:29:36.469322+00:00"
"87576","Louisiana, Catahoula","22025","LA","Louisiana","Catahoula","Federal","Onshore","Federal onshore","County","County","","LA2Ca","2025-02-19T18:29:36.469322+00:00","2025-02-19T18:29:36.469322+00:00"
"87577","Louisiana, Claiborne","22027","LA","Louisiana","Claiborne","Federal","Onshore","Federal onshore","County","County","","LA2Cl","2025-02-19T18:29:36.469322+00:00","2025-02-19T18:29:36.469322+00:00"
"88136","Colorado, Jackson","08057","CO","Colorado","Jackson","Mixed Exploratory","Onshore","Federal onshore","County","County","","CO2Ja","2025-02-19T18:29:36.469322+00:00","2025-02-19T18:29:36.469322+00:00"
"88149","Colorado, Mesa","08077","CO","Colorado","Mesa","Mixed Exploratory","Onshore","Federal onshore","County","County","","CO2Me","2025-02-19T18:29:36.469322+00:00","2025-02-19T18:29:36.469322+00:00"
"89106","Texas, Cameron","48061","TX","Texas","Cameron","Federal","Offshore","Federal offshore","County","County","","TX2Ca","2025-02-19T18:29:36.469322+00:00","2025-02-19T18:29:36.469322+00:00"
"89107","Texas, Chambers","48071","TX","Texas","Chambers","Federal","Offshore","Federal offshore","County","County","","TX2Ch","2025-02-19T18:29:36.469322+00:00","2025-02-19T18:29:36.469322+00:00"
"89108","Texas, Galveston","48167","TX","Texas","Galveston","Federal","Offshore","Federal offshore","County","County","","TX2Ga","2025-02-19T18:29:36.469322+00:00","2025-02-19T18:29:36.469322+00:00"
"89109","Texas, Harris","48201","TX","Texas","Harris","Federal","Offshore","Federal offshore","County","County","","TX2Ha","2025-02-19T18:29:36.469322+00:00","2025-02-19T18:29:36.469322+00:00"
"89110","Texas, Jackson","48239","TX","Texas","Jackson","Federal","Offshore","Federal offshore","County","County","","TX2Ja","2025-02-19T18:29:36.469322+00:00","2025-02-19T18:29:36.469322+00:00"
"89111","Texas, Jefferson","48245","TX","Texas","Jefferson","Federal","Offshore","Federal offshore","County","County","","TX2Je","2025-02-19T18:29:36.469322+00:00","2025-02-19T18:29:36.469322+00:00"
"89112","Texas, Kenedy","48261","TX","Texas","Kenedy","Federal","Offshore","Federal offshore","County","County","","TX2Ke","2025-02-19T18:29:36.469322+00:00","2025-02-19T18:29:36.469322+00:00"
"89113","Texas, Kleberg","48273","TX","Texas","Kleberg","Federal","Offshore","Federal offshore","County","County","","TX2Kl","2025-02-19T18:29:36.469322+00:00","2025-02-19T18:29:36.469322+00:00"
"89114","Texas, Matagorda","48321","TX","Texas","Matagorda","Federal","Offshore","Federal offshore","County","County","","TX2Ma","2025-02-19T18:29:36.469322+00:00","2025-02-19T18:29:36.469322+00:00"
"89115","Texas, Nueces","48355","TX","Texas","Nueces","Federal","Offshore","Federal offshore","County","County","","TX2Nu","2025-02-19T18:29:36.469322+00:00","2025-02-19T18:29:36.469322+00:00"
"89116","Texas, Orange","48361","TX","Texas","Orange","Federal","Offshore","Federal offshore","County","County","","TX2Or","2025-02-19T18:29:36.469322+00:00","2025-02-19T18:29:36.469322+00:00"
"89117","Texas, Refugio","48391","TX","Texas","Refugio","Federal","Offshore","Federal offshore","County","County","","TX2Re","2025-02-19T18:29:36.469322+00:00","2025-02-19T18:29:36.469322+00:00"
"89118","Texas, San Patricio","48409","TX","Texas","San Patricio","Federal","Offshore","Federal offshore","County","County","","TX2Sa","2025-02-19T18:29:36.469322+00:00","2025-02-19T18:29:36.469322+00:00"
"89119","Texas, Victoria","48469","TX","Texas","Victoria","Federal","Offshore","Federal offshore","County","County","","TX2Vi","2025-02-19T18:29:36.469322+00:00","2025-02-19T18:29:36.469322+00:00"
"89120","Texas, Willacy","48489","TX","Texas","Willacy","Federal","Offshore","Federal offshore","County","County","","TX2Wi","2025-02-19T18:29:36.469322+00:00","2025-02-19T18:29:36.469322+00:00"
"88190","Wyoming, Campbell","56005","WY","Wyoming","Campbell","Mixed Exploratory","Onshore","Federal onshore","County","County","","WY2Ca","2025-02-19T18:29:36.469322+00:00","2025-02-19T18:29:36.469322+00:00"
"88290","Wyoming, Carbon","56007","WY","Wyoming","Carbon","Mixed Exploratory","Onshore","Federal onshore","County","County","","WY2Ca","2025-02-19T18:29:36.469322+00:00","2025-02-19T18:29:36.469322+00:00"
"88353","Wyoming, Lincoln","56023","WY","Wyoming","Lincoln","Mixed Exploratory","Onshore","Federal onshore","County","County","","WY2Li","2025-02-19T18:29:36.469322+00:00","2025-02-19T18:29:36.469322+00:00"
"88409","Wyoming, Niobrara","56027","WY","Wyoming","Niobrara","Mixed Exploratory","Onshore","Federal onshore","County","County","","WY2Ni","2025-02-19T18:29:36.469322+00:00","2025-02-19T18:29:36.469322+00:00"
"88415","Wyoming, Sweetwater","56037","WY","Wyoming","Sweetwater","Mixed Exploratory","Onshore","Federal onshore","County","County","","WY2Sw","2025-02-19T18:29:36.469322+00:00","2025-02-19T18:29:36.469322+00:00"
"88447","Wyoming, Crook","56011","WY","Wyoming","Crook","Mixed Exploratory","Onshore","Federal onshore","County","County","","WY2Cr","2025-02-19T18:29:36.469322+00:00","2025-02-19T18:29:36.469322+00:00"
"88470","Wyoming, Sheridan","56033","WY","Wyoming","Sheridan","Mixed Exploratory","Onshore","Federal onshore","County","County","","WY2Sh","2025-02-19T18:29:36.469322+00:00","2025-02-19T18:29:36.469322+00:00"
"88527","Wyoming, Park","56029","WY","Wyoming","Park","Mixed Exploratory","Onshore","Federal onshore","County","County","","WY2Pa","2025-02-19T18:29:36.469322+00:00","2025-02-19T18:29:36.469322+00:00"
"88537","Wyoming, Natrona","56025","WY","Wyoming","Natrona","Mixed Exploratory","Onshore","Federal onshore","County","County","","WY2Na","2025-02-19T18:29:36.469322+00:00","2025-02-19T18:29:36.469322+00:00"
"88561","Wyoming, Sublette","56035","WY","Wyoming","Sublette","Mixed Exploratory","Onshore","Federal onshore","County","County","","WY2Su","2025-02-19T18:29:36.469322+00:00","2025-02-19T18:29:36.469322+00:00"
"87367","Arkansas, Garland","05051","AR","Arkansas","Garland","Federal","Onshore","Federal onshore","County","County","","AR2Ga","2025-02-19T18:29:36.469322+00:00","2025-02-19T18:29:36.469322+00:00"
"87368","Arkansas, Jackson","05067","AR","Arkansas","Jackson","Federal","Onshore","Federal onshore","County","County","","AR2Ja","2025-02-19T18:29:36.469322+00:00","2025-02-19T18:29:36.469322+00:00"
"87369","Arkansas, Johnson","05071","AR","Arkansas","Johnson","Federal","Onshore","Federal onshore","County","County","","AR2Jo","2025-02-19T18:29:36.469322+00:00","2025-02-19T18:29:36.469322+00:00"
"87397","California, Colusa","06011","CA","California","Colusa","Federal","Onshore","Federal onshore","County","County","","CA2Co","2025-02-19T18:29:36.469322+00:00","2025-02-19T18:29:36.469322+00:00"
"87398","California, Contra Costa","06013","CA","California","Contra Costa","Federal","Onshore","Federal onshore","County","County","","CA2Co","2025-02-19T18:29:36.469322+00:00","2025-02-19T18:29:36.469322+00:00"
"87399","California, Fresno","06019","CA","California","Fresno","Federal","Onshore","Federal onshore","County","County","","CA2Fr","2025-02-19T18:29:36.469322+00:00","2025-02-19T18:29:36.469322+00:00"
"87400","California, Glenn","06021","CA","California","Glenn","Federal","Onshore","Federal onshore","County","County","","CA2Gl","2025-02-19T18:29:36.469322+00:00","2025-02-19T18:29:36.469322+00:00"
"87401","California, Imperial","06025","CA","California","Imperial","Federal","Onshore","Federal onshore","County","County","","CA2Im","2025-02-19T18:29:36.469322+00:00","2025-02-19T18:29:36.469322+00:00"
"87402","California, Inyo","06027","CA","California","Inyo","Federal","Onshore","Federal onshore","County","County","","CA2In","2025-02-19T18:29:36.469322+00:00","2025-02-19T18:29:36.469322+00:00"
"87403","California, Kern","06029","CA","California","Kern","Federal","Onshore","Federal onshore","County","County","","CA2Ke","2025-02-19T18:29:36.469322+00:00","2025-02-19T18:29:36.469322+00:00"
"87404","California, Kings","06031","CA","California","Kings","Federal","Onshore","Federal onshore","County","County","","CA2Ki","2025-02-19T18:29:36.469322+00:00","2025-02-19T18:29:36.469322+00:00"
"87405","California, Lake","06033","CA","California","Lake","Federal","Onshore","Federal onshore","County","County","","CA2La","2025-02-19T18:29:36.469322+00:00","2025-02-19T18:29:36.469322+00:00"
"87406","California, Lassen","06035","CA","California","Lassen","Federal","Onshore","Federal onshore","County","County","","CA2La","2025-02-19T18:29:36.469322+00:00","2025-02-19T18:29:36.469322+00:00"
"87407","California, Los Angeles","06037","CA","California","Los Angeles","Federal","Onshore","Federal onshore","County","County","","CA2Lo","2025-02-19T18:29:36.469322+00:00","2025-02-19T18:29:36.469322+00:00"
"87408","California, Mendocino","06045","CA","California","Mendocino","Federal","Onshore","Federal onshore","County","County","","CA2Me","2025-02-19T18:29:36.469322+00:00","2025-02-19T18:29:36.469322+00:00"
"87409","California, Merced","06047","CA","California","Merced","Federal","Onshore","Federal onshore","County","County","","CA2Me","2025-02-19T18:29:36.469322+00:00","2025-02-19T18:29:36.469322+00:00"
"87410","California, Mono","06051","CA","California","Mono","Federal","Onshore","Federal onshore","County","County","","CA2Mo","2025-02-19T18:29:36.469322+00:00","2025-02-19T18:29:36.469322+00:00"
"87411","California, Monterey","06053","CA","California","Monterey","Federal","Onshore","Federal onshore","County","County","","CA2Mo","2025-02-19T18:29:36.469322+00:00","2025-02-19T18:29:36.469322+00:00"
"87412","California, Riverside","06065","CA","California","Riverside","Federal","Onshore","Federal onshore","County","County","","CA2Ri","2025-02-19T18:29:36.469322+00:00","2025-02-19T18:29:36.469322+00:00"
"87413","California, Sacramento","06067","CA","California","Sacramento","Federal","Onshore","Federal onshore","County","County","","CA2Sa","2025-02-19T18:29:36.469322+00:00","2025-02-19T18:29:36.469322+00:00"
"87414","California, San Benito","06069","CA","California","San Benito","Federal","Onshore","Federal onshore","County","County","","CA2Sa","2025-02-19T18:29:36.469322+00:00","2025-02-19T18:29:36.469322+00:00"
"87415","California, San Bernardino","06071","CA","California","San Bernardino","Federal","Onshore","Federal onshore","County","County","","CA2Sa","2025-02-19T18:29:36.469322+00:00","2025-02-19T18:29:36.469322+00:00"
"87416","California, San Diego","06073","CA","California","San Diego","Federal","Onshore","Federal onshore","County","County","","CA2Sa","2025-02-19T18:29:36.469322+00:00","2025-02-19T18:29:36.469322+00:00"
"87417","California, San Joaquin","06077","CA","California","San Joaquin","Federal","Onshore","Federal onshore","County","County","","CA2Sa","2025-02-19T18:29:36.469322+00:00","2025-02-19T18:29:36.469322+00:00"
"87723","Montana, Mineral","30061","MT","Montana","Mineral","Federal","Onshore","Federal onshore","County","County","","MT2Mi","2025-02-19T18:29:36.469322+00:00","2025-02-19T18:29:36.469322+00:00"
"87418","California, San Luis Obispo","06079","CA","California","San Luis Obispo","Federal","Onshore","Federal onshore","County","County","","CA2Sa","2025-02-19T18:29:36.469322+00:00","2025-02-19T18:29:36.469322+00:00"
"87419","California, Santa Barbara","06083","CA","California","Santa Barbara","Federal","Onshore","Federal onshore","County","County","","CA2Sa","2025-02-19T18:29:36.469322+00:00","2025-02-19T18:29:36.469322+00:00"
"87420","California, Sierra","06091","CA","California","Sierra","Federal","Onshore","Federal onshore","County","County","","CA2Si","2025-02-19T18:29:36.469322+00:00","2025-02-19T18:29:36.469322+00:00"
"87421","California, Siskiyou","06093","CA","California","Siskiyou","Federal","Onshore","Federal onshore","County","County","","CA2Si","2025-02-19T18:29:36.469322+00:00","2025-02-19T18:29:36.469322+00:00"
"87422","California, Solano","06095","CA","California","Solano","Federal","Onshore","Federal onshore","County","County","","CA2So","2025-02-19T18:29:36.469322+00:00","2025-02-19T18:29:36.469322+00:00"
"87423","California, Sonoma","06097","CA","California","Sonoma","Federal","Onshore","Federal onshore","County","County","","CA2So","2025-02-19T18:29:36.469322+00:00","2025-02-19T18:29:36.469322+00:00"
"87424","California, Stanislaus","06099","CA","California","Stanislaus","Federal","Onshore","Federal onshore","County","County","","CA2St","2025-02-19T18:29:36.469322+00:00","2025-02-19T18:29:36.469322+00:00"
"87511","Indiana, Crawford","18025","IN","Indiana","Crawford","Federal","Onshore","Federal onshore","County","County","","IN2Cr","2025-02-19T18:29:36.469322+00:00","2025-02-19T18:29:36.469322+00:00"
"87512","Indiana, Gibson","18051","IN","Indiana","Gibson","Federal","Onshore","Federal onshore","County","County","","IN2Gi","2025-02-19T18:29:36.469322+00:00","2025-02-19T18:29:36.469322+00:00"
"87513","Indiana, Perry","18123","IN","Indiana","Perry","Federal","Onshore","Federal onshore","County","County","","IN2Pe","2025-02-19T18:29:36.469322+00:00","2025-02-19T18:29:36.469322+00:00"
"87514","Kansas, Barber","20007","KS","Kansas","Barber","Federal","Onshore","Federal onshore","County","County","","KS2Ba","2025-02-19T18:29:36.469322+00:00","2025-02-19T18:29:36.469322+00:00"
"87515","Kansas, Bourbon","20011","KS","Kansas","Bourbon","Federal","Onshore","Federal onshore","County","County","","KS2Bo","2025-02-19T18:29:36.469322+00:00","2025-02-19T18:29:36.469322+00:00"
"87516","Kansas, Cheyenne","20023","KS","Kansas","Cheyenne","Federal","Onshore","Federal onshore","County","County","","KS2Ch","2025-02-19T18:29:36.469322+00:00","2025-02-19T18:29:36.469322+00:00"
"87517","Kansas, Clark","20025","KS","Kansas","Clark","Federal","Onshore","Federal onshore","County","County","","KS2Cl","2025-02-19T18:29:36.469322+00:00","2025-02-19T18:29:36.469322+00:00"
"87518","Kansas, Comanche","20033","KS","Kansas","Comanche","Federal","Onshore","Federal onshore","County","County","","KS2Co","2025-02-19T18:29:36.469322+00:00","2025-02-19T18:29:36.469322+00:00"
"87519","Kansas, Decatur","20039","KS","Kansas","Decatur","Federal","Onshore","Federal onshore","County","County","","KS2De","2025-02-19T18:29:36.469322+00:00","2025-02-19T18:29:36.469322+00:00"
"87520","Kansas, Edwards","20047","KS","Kansas","Edwards","Federal","Onshore","Federal onshore","County","County","","KS2Ed","2025-02-19T18:29:36.469322+00:00","2025-02-19T18:29:36.469322+00:00"
"87521","Kansas, Ellsworth","20053","KS","Kansas","Ellsworth","Federal","Onshore","Federal onshore","County","County","","KS2El","2025-02-19T18:29:36.469322+00:00","2025-02-19T18:29:36.469322+00:00"
"87522","Kansas, Finney","20055","KS","Kansas","Finney","Federal","Onshore","Federal onshore","County","County","","KS2Fi","2025-02-19T18:29:36.469322+00:00","2025-02-19T18:29:36.469322+00:00"
"87523","Kansas, Geary","20061","KS","Kansas","Geary","Federal","Onshore","Federal onshore","County","County","","KS2Ge","2025-02-19T18:29:36.469322+00:00","2025-02-19T18:29:36.469322+00:00"
"87524","Kansas, Gove","20063","KS","Kansas","Gove","Federal","Onshore","Federal onshore","County","County","","KS2Go","2025-02-19T18:29:36.469322+00:00","2025-02-19T18:29:36.469322+00:00"
"87525","Kansas, Grant","20067","KS","Kansas","Grant","Federal","Onshore","Federal onshore","County","County","","KS2Gr","2025-02-19T18:29:36.469322+00:00","2025-02-19T18:29:36.469322+00:00"
"87578","Louisiana, Concordia","22029","LA","Louisiana","Concordia","Federal","Onshore","Federal onshore","County","County","","LA2Co","2025-02-19T18:29:36.469322+00:00","2025-02-19T18:29:36.469322+00:00"
"87579","Louisiana, De Soto","22031","LA","Louisiana","De Soto","Federal","Onshore","Federal onshore","County","County","","LA2De","2025-02-19T18:29:36.469322+00:00","2025-02-19T18:29:36.469322+00:00"
"87581","Louisiana, Grant","22043","LA","Louisiana","Grant","Federal","Onshore","Federal onshore","County","County","","LA2Gr","2025-02-19T18:29:36.469322+00:00","2025-02-19T18:29:36.469322+00:00"
"87582","Louisiana, Iberville","22047","LA","Louisiana","Iberville","Federal","Onshore","Federal onshore","County","County","","LA2Ib","2025-02-19T18:29:36.469322+00:00","2025-02-19T18:29:36.469322+00:00"
"87583","Louisiana, Jackson","22049","LA","Louisiana","Jackson","Federal","Onshore","Federal onshore","County","County","","LA2Ja","2025-02-19T18:29:36.469322+00:00","2025-02-19T18:29:36.469322+00:00"
"87610","Maryland, Garrett","24023","MD","Maryland","Garrett","Federal","Onshore","Federal onshore","County","County","","MD2Ga","2025-02-19T18:29:36.469322+00:00","2025-02-19T18:29:36.469322+00:00"
"87611","Michigan, Alcona","26001","MI","Michigan","Alcona","Federal","Onshore","Federal onshore","County","County","","MI2Al","2025-02-19T18:29:36.469322+00:00","2025-02-19T18:29:36.469322+00:00"
"87612","Michigan, Allegan","26005","MI","Michigan","Allegan","Federal","Onshore","Federal onshore","County","County","","MI2Al","2025-02-19T18:29:36.469322+00:00","2025-02-19T18:29:36.469322+00:00"
"87613","Michigan, Antrim","26009","MI","Michigan","Antrim","Federal","Onshore","Federal onshore","County","County","","MI2An","2025-02-19T18:29:36.469322+00:00","2025-02-19T18:29:36.469322+00:00"
"87614","Michigan, Baraga","26013","MI","Michigan","Baraga","Federal","Onshore","Federal onshore","County","County","","MI2Ba","2025-02-19T18:29:36.469322+00:00","2025-02-19T18:29:36.469322+00:00"
"87615","Michigan, Benzie","26019","MI","Michigan","Benzie","Federal","Onshore","Federal onshore","County","County","","MI2Be","2025-02-19T18:29:36.469322+00:00","2025-02-19T18:29:36.469322+00:00"
"87616","Michigan, Calhoun","26025","MI","Michigan","Calhoun","Federal","Onshore","Federal onshore","County","County","","MI2Ca","2025-02-19T18:29:36.469322+00:00","2025-02-19T18:29:36.469322+00:00"
"87617","Michigan, Clare","26035","MI","Michigan","Clare","Federal","Onshore","Federal onshore","County","County","","MI2Cl","2025-02-19T18:29:36.469322+00:00","2025-02-19T18:29:36.469322+00:00"
"87618","Michigan, Crawford","26039","MI","Michigan","Crawford","Federal","Onshore","Federal onshore","County","County","","MI2Cr","2025-02-19T18:29:36.469322+00:00","2025-02-19T18:29:36.469322+00:00"
"87620","Michigan, Houghton","26061","MI","Michigan","Houghton","Federal","Onshore","Federal onshore","County","County","","MI2Ho","2025-02-19T18:29:36.469322+00:00","2025-02-19T18:29:36.469322+00:00"
"87621","Michigan, Jackson","26075","MI","Michigan","Jackson","Federal","Onshore","Federal onshore","County","County","","MI2Ja","2025-02-19T18:29:36.469322+00:00","2025-02-19T18:29:36.469322+00:00"
"87622","Michigan, Kalkaska","26079","MI","Michigan","Kalkaska","Federal","Onshore","Federal onshore","County","County","","MI2Ka","2025-02-19T18:29:36.469322+00:00","2025-02-19T18:29:36.469322+00:00"
"87623","Michigan, Lake","26085","MI","Michigan","Lake","Federal","Onshore","Federal onshore","County","County","","MI2La","2025-02-19T18:29:36.469322+00:00","2025-02-19T18:29:36.469322+00:00"
"87624","Michigan, Manistee","26101","MI","Michigan","Manistee","Federal","Onshore","Federal onshore","County","County","","MI2Ma","2025-02-19T18:29:36.469322+00:00","2025-02-19T18:29:36.469322+00:00"
"87625","Michigan, Mason","26105","MI","Michigan","Mason","Federal","Onshore","Federal onshore","County","County","","MI2Ma","2025-02-19T18:29:36.469322+00:00","2025-02-19T18:29:36.469322+00:00"
"87626","Michigan, Mecosta","26107","MI","Michigan","Mecosta","Federal","Onshore","Federal onshore","County","County","","MI2Me","2025-02-19T18:29:36.469322+00:00","2025-02-19T18:29:36.469322+00:00"
"87627","Michigan, Missaukee","26113","MI","Michigan","Missaukee","Federal","Onshore","Federal onshore","County","County","","MI2Mi","2025-02-19T18:29:36.469322+00:00","2025-02-19T18:29:36.469322+00:00"
"87628","Michigan, Montmorency","26119","MI","Michigan","Montmorency","Federal","Onshore","Federal onshore","County","County","","MI2Mo","2025-02-19T18:29:36.469322+00:00","2025-02-19T18:29:36.469322+00:00"
"87629","Michigan, Muskegon","26121","MI","Michigan","Muskegon","Federal","Onshore","Federal onshore","County","County","","MI2Mu","2025-02-19T18:29:36.469322+00:00","2025-02-19T18:29:36.469322+00:00"
"87630","Michigan, Newaygo","26123","MI","Michigan","Newaygo","Federal","Onshore","Federal onshore","County","County","","MI2Ne","2025-02-19T18:29:36.469322+00:00","2025-02-19T18:29:36.469322+00:00"
"87631","Michigan, Oceana","26127","MI","Michigan","Oceana","Federal","Onshore","Federal onshore","County","County","","MI2Oc","2025-02-19T18:29:36.469322+00:00","2025-02-19T18:29:36.469322+00:00"
"87632","Michigan, Ogemaw","26129","MI","Michigan","Ogemaw","Federal","Onshore","Federal onshore","County","County","","MI2Og","2025-02-19T18:29:36.469322+00:00","2025-02-19T18:29:36.469322+00:00"
"87633","Michigan, Osceola","26133","MI","Michigan","Osceola","Federal","Onshore","Federal onshore","County","County","","MI2Os","2025-02-19T18:29:36.469322+00:00","2025-02-19T18:29:36.469322+00:00"
"87634","Michigan, Oscoda","26135","MI","Michigan","Oscoda","Federal","Onshore","Federal onshore","County","County","","MI2Os","2025-02-19T18:29:36.469322+00:00","2025-02-19T18:29:36.469322+00:00"
"87635","Michigan, Otsego","26137","MI","Michigan","Otsego","Federal","Onshore","Federal onshore","County","County","","MI2Ot","2025-02-19T18:29:36.469322+00:00","2025-02-19T18:29:36.469322+00:00"
"87636","Michigan, Presque Isle","26141","MI","Michigan","Presque Isle","Federal","Onshore","Federal onshore","County","County","","MI2Pr","2025-02-19T18:29:36.469322+00:00","2025-02-19T18:29:36.469322+00:00"
"87637","Michigan, Roscommon","26143","MI","Michigan","Roscommon","Federal","Onshore","Federal onshore","County","County","","MI2Ro","2025-02-19T18:29:36.469322+00:00","2025-02-19T18:29:36.469322+00:00"
"87638","Michigan, Wexford","26165","MI","Michigan","Wexford","Federal","Onshore","Federal onshore","County","County","","MI2We","2025-02-19T18:29:36.469322+00:00","2025-02-19T18:29:36.469322+00:00"
"87719","Montana, Lincoln","30053","MT","Montana","Lincoln","Federal","Onshore","Federal onshore","County","County","","MT2Li","2025-02-19T18:29:36.469322+00:00","2025-02-19T18:29:36.469322+00:00"
"87720","Montana, Madison","30057","MT","Montana","Madison","Federal","Onshore","Federal onshore","County","County","","MT2Ma","2025-02-19T18:29:36.469322+00:00","2025-02-19T18:29:36.469322+00:00"
"87721","Montana, Mccone","30055","MT","Montana","Mccone","Federal","Onshore","Federal onshore","County","County","","MT2Mc","2025-02-19T18:29:36.469322+00:00","2025-02-19T18:29:36.469322+00:00"
"87722","Montana, Meagher","30059","MT","Montana","Meagher","Federal","Onshore","Federal onshore","County","County","","MT2Me","2025-02-19T18:29:36.469322+00:00","2025-02-19T18:29:36.469322+00:00"
"87724","Montana, Musselshell","30065","MT","Montana","Musselshell","Federal","Onshore","Federal onshore","County","County","","MT2Mu","2025-02-19T18:29:36.469322+00:00","2025-02-19T18:29:36.469322+00:00"
"87725","Montana, Park","30067","MT","Montana","Park","Federal","Onshore","Federal onshore","County","County","","MT2Pa","2025-02-19T18:29:36.469322+00:00","2025-02-19T18:29:36.469322+00:00"
"87726","Montana, Petroleum","30069","MT","Montana","Petroleum","Federal","Onshore","Federal onshore","County","County","","MT2Pe","2025-02-19T18:29:36.469322+00:00","2025-02-19T18:29:36.469322+00:00"
"87744","North Carolina, Clay","37043","NC","North Carolina","Clay","Federal","Onshore","Federal onshore","County","County","","NC2Cl","2025-02-19T18:29:36.469322+00:00","2025-02-19T18:29:36.469322+00:00"
"87745","North Dakota, Billings","38007","ND","North Dakota","Billings","Federal","Onshore","Federal onshore","County","County","","ND2Bi","2025-02-19T18:29:36.469322+00:00","2025-02-19T18:29:36.469322+00:00"
"87815","Nevada, Lincoln","32017","NV","Nevada","Lincoln","Federal","Onshore","Federal onshore","County","County","","NV2Li","2025-02-19T18:29:36.469322+00:00","2025-02-19T18:29:36.469322+00:00"
"87816","Nevada, Lyon","32019","NV","Nevada","Lyon","Federal","Onshore","Federal onshore","County","County","","NV2Ly","2025-02-19T18:29:36.469322+00:00","2025-02-19T18:29:36.469322+00:00"
"87817","Nevada, Mineral","32021","NV","Nevada","Mineral","Federal","Onshore","Federal onshore","County","County","","NV2Mi","2025-02-19T18:29:36.469322+00:00","2025-02-19T18:29:36.469322+00:00"
"87818","Nevada, Nye","32023","NV","Nevada","Nye","Federal","Onshore","Federal onshore","County","County","","NV2Ny","2025-02-19T18:29:36.469322+00:00","2025-02-19T18:29:36.469322+00:00"
"87779","New Mexico, Bernalillo","35001","NM","New Mexico","Bernalillo","Federal","Onshore","Federal onshore","County","County","","NM2Be","2025-02-19T18:29:36.469322+00:00","2025-02-19T18:29:36.469322+00:00"
"87780","New Mexico, Catron","35003","NM","New Mexico","Catron","Federal","Onshore","Federal onshore","County","County","","NM2Ca","2025-02-19T18:29:36.469322+00:00","2025-02-19T18:29:36.469322+00:00"
"87781","New Mexico, Chaves","35005","NM","New Mexico","Chaves","Federal","Onshore","Federal onshore","County","County","","NM2Ch","2025-02-19T18:29:36.469322+00:00","2025-02-19T18:29:36.469322+00:00"
"87782","New Mexico, Cibola","35006","NM","New Mexico","Cibola","Federal","Onshore","Federal onshore","County","County","","NM2Ci","2025-02-19T18:29:36.469322+00:00","2025-02-19T18:29:36.469322+00:00"
"87783","New Mexico, Colfax","35007","NM","New Mexico","Colfax","Federal","Onshore","Federal onshore","County","County","","NM2Co","2025-02-19T18:29:36.469322+00:00","2025-02-19T18:29:36.469322+00:00"
"87784","New Mexico, Curry","35009","NM","New Mexico","Curry","Federal","Onshore","Federal onshore","County","County","","NM2Cu","2025-02-19T18:29:36.469322+00:00","2025-02-19T18:29:36.469322+00:00"
"87785","New Mexico, De Baca","35011","NM","New Mexico","De Baca","Federal","Onshore","Federal onshore","County","County","","NM2De","2025-02-19T18:29:36.469322+00:00","2025-02-19T18:29:36.469322+00:00"
"87786","New Mexico, Dona Ana","35013","NM","New Mexico","Dona Ana","Federal","Onshore","Federal onshore","County","County","","NM2Do","2025-02-19T18:29:36.469322+00:00","2025-02-19T18:29:36.469322+00:00"
"87787","New Mexico, Eddy","35015","NM","New Mexico","Eddy","Federal","Onshore","Federal onshore","County","County","","NM2Ed","2025-02-19T18:29:36.469322+00:00","2025-02-19T18:29:36.469322+00:00"
"87788","New Mexico, Grant","35017","NM","New Mexico","Grant","Federal","Onshore","Federal onshore","County","County","","NM2Gr","2025-02-19T18:29:36.469322+00:00","2025-02-19T18:29:36.469322+00:00"
"87789","New Mexico, Guadalupe","35019","NM","New Mexico","Guadalupe","Federal","Onshore","Federal onshore","County","County","","NM2Gu","2025-02-19T18:29:36.469322+00:00","2025-02-19T18:29:36.469322+00:00"
"87790","New Mexico, Harding","35021","NM","New Mexico","Harding","Federal","Onshore","Federal onshore","County","County","","NM2Ha","2025-02-19T18:29:36.469322+00:00","2025-02-19T18:29:36.469322+00:00"
"87822","New York, Chautauqua","36013","NY","New York","Chautauqua","Federal","Onshore","Federal onshore","County","County","","NY2Ch","2025-02-19T18:29:36.469322+00:00","2025-02-19T18:29:36.469322+00:00"
"87823","New York, Chemung","36015","NY","New York","Chemung","Federal","Onshore","Federal onshore","County","County","","NY2Ch","2025-02-19T18:29:36.469322+00:00","2025-02-19T18:29:36.469322+00:00"
"87824","New York, Seneca","36099","NY","New York","Seneca","Federal","Onshore","Federal onshore","County","County","","NY2Se","2025-02-19T18:29:36.469322+00:00","2025-02-19T18:29:36.469322+00:00"
"87825","New York, Steuben","36101","NY","New York","Steuben","Federal","Onshore","Federal onshore","County","County","","NY2St","2025-02-19T18:29:36.469322+00:00","2025-02-19T18:29:36.469322+00:00"
"87746","North Dakota, Bottineau","38009","ND","North Dakota","Bottineau","Federal","Onshore","Federal onshore","County","County","","ND2Bo","2025-02-19T18:29:36.469322+00:00","2025-02-19T18:29:36.469322+00:00"
"87747","North Dakota, Bowman","38011","ND","North Dakota","Bowman","Federal","Onshore","Federal onshore","County","County","","ND2Bo","2025-02-19T18:29:36.469322+00:00","2025-02-19T18:29:36.469322+00:00"
"87748","North Dakota, Burke","38013","ND","North Dakota","Burke","Federal","Onshore","Federal onshore","County","County","","ND2Bu","2025-02-19T18:29:36.469322+00:00","2025-02-19T18:29:36.469322+00:00"
"87749","North Dakota, Burleigh","38015","ND","North Dakota","Burleigh","Federal","Onshore","Federal onshore","County","County","","ND2Bu","2025-02-19T18:29:36.469322+00:00","2025-02-19T18:29:36.469322+00:00"
"87750","North Dakota, Divide","38023","ND","North Dakota","Divide","Federal","Onshore","Federal onshore","County","County","","ND2Di","2025-02-19T18:29:36.469322+00:00","2025-02-19T18:29:36.469322+00:00"
"87751","North Dakota, Dunn","38025","ND","North Dakota","Dunn","Federal","Onshore","Federal onshore","County","County","","ND2Du","2025-02-19T18:29:36.469322+00:00","2025-02-19T18:29:36.469322+00:00"
"87752","North Dakota, Foster","38031","ND","North Dakota","Foster","Federal","Onshore","Federal onshore","County","County","","ND2Fo","2025-02-19T18:29:36.469322+00:00","2025-02-19T18:29:36.469322+00:00"
"87754","North Dakota, Mchenry","38049","ND","North Dakota","Mchenry","Federal","Onshore","Federal onshore","County","County","","ND2Mc","2025-02-19T18:29:36.469322+00:00","2025-02-19T18:29:36.469322+00:00"
"87755","North Dakota, Mckenzie","38053","ND","North Dakota","Mckenzie","Federal","Onshore","Federal onshore","County","County","","ND2Mc","2025-02-19T18:29:36.469322+00:00","2025-02-19T18:29:36.469322+00:00"
"87756","North Dakota, Mclean","38055","ND","North Dakota","Mclean","Federal","Onshore","Federal onshore","County","County","","ND2Mc","2025-02-19T18:29:36.469322+00:00","2025-02-19T18:29:36.469322+00:00"
"87757","North Dakota, Mercer","38057","ND","North Dakota","Mercer","Federal","Onshore","Federal onshore","County","County","","ND2Me","2025-02-19T18:29:36.469322+00:00","2025-02-19T18:29:36.469322+00:00"
"87758","North Dakota, Mountrail","38061","ND","North Dakota","Mountrail","Federal","Onshore","Federal onshore","County","County","","ND2Mo","2025-02-19T18:29:36.469322+00:00","2025-02-19T18:29:36.469322+00:00"
"87759","North Dakota, Oliver","38065","ND","North Dakota","Oliver","Federal","Onshore","Federal onshore","County","County","","ND2Ol","2025-02-19T18:29:36.469322+00:00","2025-02-19T18:29:36.469322+00:00"
"87760","North Dakota, Renville","38075","ND","North Dakota","Renville","Federal","Onshore","Federal onshore","County","County","","ND2Re","2025-02-19T18:29:36.469322+00:00","2025-02-19T18:29:36.469322+00:00"
"87761","North Dakota, Slope","38087","ND","North Dakota","Slope","Federal","Onshore","Federal onshore","County","County","","ND2Sl","2025-02-19T18:29:36.469322+00:00","2025-02-19T18:29:36.469322+00:00"
"87762","North Dakota, Stark","38089","ND","North Dakota","Stark","Federal","Onshore","Federal onshore","County","County","","ND2St","2025-02-19T18:29:36.469322+00:00","2025-02-19T18:29:36.469322+00:00"
"87763","North Dakota, Stutsman","38093","ND","North Dakota","Stutsman","Federal","Onshore","Federal onshore","County","County","","ND2St","2025-02-19T18:29:36.469322+00:00","2025-02-19T18:29:36.469322+00:00"
"87764","North Dakota, Ward","38101","ND","North Dakota","Ward","Federal","Onshore","Federal onshore","County","County","","ND2Wa","2025-02-19T18:29:36.469322+00:00","2025-02-19T18:29:36.469322+00:00"
"87765","North Dakota, Wells","38103","ND","North Dakota","Wells","Federal","Onshore","Federal onshore","County","County","","ND2We","2025-02-19T18:29:36.469322+00:00","2025-02-19T18:29:36.469322+00:00"
"87826","Ohio, Athens","39009","OH","Ohio","Athens","Federal","Onshore","Federal onshore","County","County","","OH2At","2025-02-19T18:29:36.469322+00:00","2025-02-19T18:29:36.469322+00:00"
"87827","Ohio, Gallia","39053","OH","Ohio","Gallia","Federal","Onshore","Federal onshore","County","County","","OH2Ga","2025-02-19T18:29:36.469322+00:00","2025-02-19T18:29:36.469322+00:00"
"87828","Ohio, Hocking","39073","OH","Ohio","Hocking","Federal","Onshore","Federal onshore","County","County","","OH2Ho","2025-02-19T18:29:36.469322+00:00","2025-02-19T18:29:36.469322+00:00"
"87829","Ohio, Lawrence","39087","OH","Ohio","Lawrence","Federal","Onshore","Federal onshore","County","County","","OH2La","2025-02-19T18:29:36.469322+00:00","2025-02-19T18:29:36.469322+00:00"
"87830","Ohio, Licking","39089","OH","Ohio","Licking","Federal","Onshore","Federal onshore","County","County","","OH2Li","2025-02-19T18:29:36.469322+00:00","2025-02-19T18:29:36.469322+00:00"
"87831","Ohio, Mahoning","39099","OH","Ohio","Mahoning","Federal","Onshore","Federal onshore","County","County","","OH2Ma","2025-02-19T18:29:36.469322+00:00","2025-02-19T18:29:36.469322+00:00"
"87832","Ohio, Monroe","39111","OH","Ohio","Monroe","Federal","Onshore","Federal onshore","County","County","","OH2Mo","2025-02-19T18:29:36.469322+00:00","2025-02-19T18:29:36.469322+00:00"
"87833","Ohio, Muskingum","39119","OH","Ohio","Muskingum","Federal","Onshore","Federal onshore","County","County","","OH2Mu","2025-02-19T18:29:36.469322+00:00","2025-02-19T18:29:36.469322+00:00"
"87834","Ohio, Noble","39121","OH","Ohio","Noble","Federal","Onshore","Federal onshore","County","County","","OH2No","2025-02-19T18:29:36.469322+00:00","2025-02-19T18:29:36.469322+00:00"
"87835","Ohio, Perry","39127","OH","Ohio","Perry","Federal","Onshore","Federal onshore","County","County","","OH2Pe","2025-02-19T18:29:36.469322+00:00","2025-02-19T18:29:36.469322+00:00"
"87836","Ohio, Portage","39133","OH","Ohio","Portage","Federal","Onshore","Federal onshore","County","County","","OH2Po","2025-02-19T18:29:36.469322+00:00","2025-02-19T18:29:36.469322+00:00"
"87837","Ohio, Ross","39141","OH","Ohio","Ross","Federal","Onshore","Federal onshore","County","County","","OH2Ro","2025-02-19T18:29:36.469322+00:00","2025-02-19T18:29:36.469322+00:00"
"87838","Ohio, Stark","39151","OH","Ohio","Stark","Federal","Onshore","Federal onshore","County","County","","OH2St","2025-02-19T18:29:36.469322+00:00","2025-02-19T18:29:36.469322+00:00"
"87839","Ohio, Trumbull","39155","OH","Ohio","Trumbull","Federal","Onshore","Federal onshore","County","County","","OH2Tr","2025-02-19T18:29:36.469322+00:00","2025-02-19T18:29:36.469322+00:00"
"87840","Ohio, Tuscarawas","39157","OH","Ohio","Tuscarawas","Federal","Onshore","Federal onshore","County","County","","OH2Tu","2025-02-19T18:29:36.469322+00:00","2025-02-19T18:29:36.469322+00:00"
"87841","Ohio, Vinton","39163","OH","Ohio","Vinton","Federal","Onshore","Federal onshore","County","County","","OH2Vi","2025-02-19T18:29:36.469322+00:00","2025-02-19T18:29:36.469322+00:00"
"87842","Ohio, Washington","39167","OH","Ohio","Washington","Federal","Onshore","Federal onshore","County","County","","OH2Wa","2025-02-19T18:29:36.469322+00:00","2025-02-19T18:29:36.469322+00:00"
"87843","Oklahoma, Alfalfa","40003","OK","Oklahoma","Alfalfa","Federal","Onshore","Federal onshore","County","County","","OK2Al","2025-02-19T18:29:36.469322+00:00","2025-02-19T18:29:36.469322+00:00"
"87844","Oklahoma, Atoka","40005","OK","Oklahoma","Atoka","Federal","Onshore","Federal onshore","County","County","","OK2At","2025-02-19T18:29:36.469322+00:00","2025-02-19T18:29:36.469322+00:00"
"87845","Oklahoma, Beaver","40007","OK","Oklahoma","Beaver","Federal","Onshore","Federal onshore","County","County","","OK2Be","2025-02-19T18:29:36.469322+00:00","2025-02-19T18:29:36.469322+00:00"
"87846","Oklahoma, Beckham","40009","OK","Oklahoma","Beckham","Federal","Onshore","Federal onshore","County","County","","OK2Be","2025-02-19T18:29:36.469322+00:00","2025-02-19T18:29:36.469322+00:00"
"87847","Oklahoma, Blaine","40011","OK","Oklahoma","Blaine","Federal","Onshore","Federal onshore","County","County","","OK2Bl","2025-02-19T18:29:36.469322+00:00","2025-02-19T18:29:36.469322+00:00"
"87848","Oklahoma, Bryan","40013","OK","Oklahoma","Bryan","Federal","Onshore","Federal onshore","County","County","","OK2Br","2025-02-19T18:29:36.469322+00:00","2025-02-19T18:29:36.469322+00:00"
"87849","Oklahoma, Caddo","40015","OK","Oklahoma","Caddo","Federal","Onshore","Federal onshore","County","County","","OK2Ca","2025-02-19T18:29:36.469322+00:00","2025-02-19T18:29:36.469322+00:00"
"87850","Oklahoma, Canadian","40017","OK","Oklahoma","Canadian","Federal","Onshore","Federal onshore","County","County","","OK2Ca","2025-02-19T18:29:36.469322+00:00","2025-02-19T18:29:36.469322+00:00"
"87851","Oklahoma, Carter","40019","OK","Oklahoma","Carter","Federal","Onshore","Federal onshore","County","County","","OK2Ca","2025-02-19T18:29:36.469322+00:00","2025-02-19T18:29:36.469322+00:00"
"87852","Oklahoma, Cherokee","40021","OK","Oklahoma","Cherokee","Federal","Onshore","Federal onshore","County","County","","OK2Ch","2025-02-19T18:29:36.469322+00:00","2025-02-19T18:29:36.469322+00:00"
"87939","Texas, Brazos","48041","TX","Texas","Brazos","Federal","Onshore","Federal onshore","County","County","","TX2Br","2025-02-19T18:29:36.469322+00:00","2025-02-19T18:29:36.469322+00:00"
"87940","Texas, Burleson","48051","TX","Texas","Burleson","Federal","Onshore","Federal onshore","County","County","","TX2Bu","2025-02-19T18:29:36.469322+00:00","2025-02-19T18:29:36.469322+00:00"
"87941","Texas, Chambers","48071","TX","Texas","Chambers","Federal","Onshore","Federal onshore","County","County","","TX2Ch","2025-02-19T18:29:36.469322+00:00","2025-02-19T18:29:36.469322+00:00"
"87942","Texas, Coleman","48083","TX","Texas","Coleman","Federal","Onshore","Federal onshore","County","County","","TX2Co","2025-02-19T18:29:36.469322+00:00","2025-02-19T18:29:36.469322+00:00"
"87943","Texas, Dallam","48111","TX","Texas","Dallam","Federal","Onshore","Federal onshore","County","County","","TX2Da","2025-02-19T18:29:36.469322+00:00","2025-02-19T18:29:36.469322+00:00"
"87944","Texas, Denton","48121","TX","Texas","Denton","Federal","Onshore","Federal onshore","County","County","","TX2De","2025-02-19T18:29:36.469322+00:00","2025-02-19T18:29:36.469322+00:00"
"87945","Texas, De Witt","48123","TX","Texas","De Witt","Federal","Onshore","Federal onshore","County","County","","TX2De","2025-02-19T18:29:36.469322+00:00","2025-02-19T18:29:36.469322+00:00"
"88002","Utah, Grand","49019","UT","Utah","Grand","Federal","Onshore","Federal onshore","County","County","","UT2Gr","2025-02-19T18:29:36.469322+00:00","2025-02-19T18:29:36.469322+00:00"
"88003","Utah, Iron","49021","UT","Utah","Iron","Federal","Onshore","Federal onshore","County","County","","UT2Ir","2025-02-19T18:29:36.469322+00:00","2025-02-19T18:29:36.469322+00:00"
"88004","Utah, Juab","49023","UT","Utah","Juab","Federal","Onshore","Federal onshore","County","County","","UT2Ju","2025-02-19T18:29:36.469322+00:00","2025-02-19T18:29:36.469322+00:00"
"88005","Utah, Kane","49025","UT","Utah","Kane","Federal","Onshore","Federal onshore","County","County","","UT2Ka","2025-02-19T18:29:36.469322+00:00","2025-02-19T18:29:36.469322+00:00"
"88006","Utah, Millard","49027","UT","Utah","Millard","Federal","Onshore","Federal onshore","County","County","","UT2Mi","2025-02-19T18:29:36.469322+00:00","2025-02-19T18:29:36.469322+00:00"
"88007","Utah, Morgan","49029","UT","Utah","Morgan","Federal","Onshore","Federal onshore","County","County","","UT2Mo","2025-02-19T18:29:36.469322+00:00","2025-02-19T18:29:36.469322+00:00"
"88008","Utah, Piute","49031","UT","Utah","Piute","Federal","Onshore","Federal onshore","County","County","","UT2Pi","2025-02-19T18:29:36.469322+00:00","2025-02-19T18:29:36.469322+00:00"
"88009","Utah, Rich","49033","UT","Utah","Rich","Federal","Onshore","Federal onshore","County","County","","UT2Ri","2025-02-19T18:29:36.469322+00:00","2025-02-19T18:29:36.469322+00:00"
"88010","Utah, Salt Lake","49035","UT","Utah","Salt Lake","Federal","Onshore","Federal onshore","County","County","","UT2Sa","2025-02-19T18:29:36.469322+00:00","2025-02-19T18:29:36.469322+00:00"
"88011","Utah, San Juan","49037","UT","Utah","San Juan","Federal","Onshore","Federal onshore","County","County","","UT2Sa","2025-02-19T18:29:36.469322+00:00","2025-02-19T18:29:36.469322+00:00"
"88013","Utah, Sevier","49041","UT","Utah","Sevier","Federal","Onshore","Federal onshore","County","County","","UT2Se","2025-02-19T18:29:36.469322+00:00","2025-02-19T18:29:36.469322+00:00"
"88014","Utah, Summit","49043","UT","Utah","Summit","Federal","Onshore","Federal onshore","County","County","","UT2Su","2025-02-19T18:29:36.469322+00:00","2025-02-19T18:29:36.469322+00:00"
"88015","Utah, Tooele","49045","UT","Utah","Tooele","Federal","Onshore","Federal onshore","County","County","","UT2To","2025-02-19T18:29:36.469322+00:00","2025-02-19T18:29:36.469322+00:00"
"88016","Utah, Uintah","49047","UT","Utah","Uintah","Federal","Onshore","Federal onshore","County","County","","UT2Ui","2025-02-19T18:29:36.469322+00:00","2025-02-19T18:29:36.469322+00:00"
"88017","Utah, Utah","49049","UT","Utah","Utah","Federal","Onshore","Federal onshore","County","County","","UT2Ut","2025-02-19T18:29:36.469322+00:00","2025-02-19T18:29:36.469322+00:00"
"88018","Utah, Wasatch","49051","UT","Utah","Wasatch","Federal","Onshore","Federal onshore","County","County","","UT2Wa","2025-02-19T18:29:36.469322+00:00","2025-02-19T18:29:36.469322+00:00"
"88019","Utah, Washington","49053","UT","Utah","Washington","Federal","Onshore","Federal onshore","County","County","","UT2Wa","2025-02-19T18:29:36.469322+00:00","2025-02-19T18:29:36.469322+00:00"
"88020","Utah, Wayne","49055","UT","Utah","Wayne","Federal","Onshore","Federal onshore","County","County","","UT2Wa","2025-02-19T18:29:36.469322+00:00","2025-02-19T18:29:36.469322+00:00"
"88021","Virginia, Dickenson","51051","VA","Virginia","Dickenson","Federal","Onshore","Federal onshore","County","County","","VA2Di","2025-02-19T18:29:36.469322+00:00","2025-02-19T18:29:36.469322+00:00"
"88022","Virginia, Giles","51071","VA","Virginia","Giles","Federal","Onshore","Federal onshore","County","County","","VA2Gi","2025-02-19T18:29:36.469322+00:00","2025-02-19T18:29:36.469322+00:00"
"88023","Virginia, Highland","51091","VA","Virginia","Highland","Federal","Onshore","Federal onshore","County","County","","VA2Hi","2025-02-19T18:29:36.469322+00:00","2025-02-19T18:29:36.469322+00:00"
"88024","Virginia, Lee","51105","VA","Virginia","Lee","Federal","Onshore","Federal onshore","County","County","","VA2Le","2025-02-19T18:29:36.469322+00:00","2025-02-19T18:29:36.469322+00:00"
"88025","Virginia, Wise","51195","VA","Virginia","Wise","Federal","Onshore","Federal onshore","County","County","","VA2Wi","2025-02-19T18:29:36.469322+00:00","2025-02-19T18:29:36.469322+00:00"
"88026","Washington, Adams","53001","WA","Washington","Adams","Federal","Onshore","Federal onshore","County","County","","WA2Ad","2025-02-19T18:29:36.469322+00:00","2025-02-19T18:29:36.469322+00:00"
"88027","Washington, Benton","53005","WA","Washington","Benton","Federal","Onshore","Federal onshore","County","County","","WA2Be","2025-02-19T18:29:36.469322+00:00","2025-02-19T18:29:36.469322+00:00"
"88028","Washington, Chelan","53007","WA","Washington","Chelan","Federal","Onshore","Federal onshore","County","County","","WA2Ch","2025-02-19T18:29:36.469322+00:00","2025-02-19T18:29:36.469322+00:00"
"88029","Washington, Douglas","53017","WA","Washington","Douglas","Federal","Onshore","Federal onshore","County","County","","WA2Do","2025-02-19T18:29:36.469322+00:00","2025-02-19T18:29:36.469322+00:00"
"88030","Washington, Franklin","53021","WA","Washington","Franklin","Federal","Onshore","Federal onshore","County","County","","WA2Fr","2025-02-19T18:29:36.469322+00:00","2025-02-19T18:29:36.469322+00:00"
"88031","Washington, Grant","53025","WA","Washington","Grant","Federal","Onshore","Federal onshore","County","County","","WA2Gr","2025-02-19T18:29:36.469322+00:00","2025-02-19T18:29:36.469322+00:00"
"88032","Washington, Kittitas","53037","WA","Washington","Kittitas","Federal","Onshore","Federal onshore","County","County","","WA2Ki","2025-02-19T18:29:36.469322+00:00","2025-02-19T18:29:36.469322+00:00"
"88033","Washington, Klickitat","53039","WA","Washington","Klickitat","Federal","Onshore","Federal onshore","County","County","","WA2Kl","2025-02-19T18:29:36.469322+00:00","2025-02-19T18:29:36.469322+00:00"
"88034","Washington, Lewis","53041","WA","Washington","Lewis","Federal","Onshore","Federal onshore","County","County","","WA2Le","2025-02-19T18:29:36.469322+00:00","2025-02-19T18:29:36.469322+00:00"
"88035","Washington, Walla Walla","53071","WA","Washington","Walla Walla","Federal","Onshore","Federal onshore","County","County","","WA2Wa","2025-02-19T18:29:36.469322+00:00","2025-02-19T18:29:36.469322+00:00"
"88036","Washington, Whatcom","53073","WA","Washington","Whatcom","Federal","Onshore","Federal onshore","County","County","","WA2Wh","2025-02-19T18:29:36.469322+00:00","2025-02-19T18:29:36.469322+00:00"
"88037","Washington, Yakima","53077","WA","Washington","Yakima","Federal","Onshore","Federal onshore","County","County","","WA2Ya","2025-02-19T18:29:36.469322+00:00","2025-02-19T18:29:36.469322+00:00"
"88039","West Virginia, Braxton","54007","WV","West Virginia","Braxton","Federal","Onshore","Federal onshore","County","County","","WV2Br","2025-02-19T18:29:36.469322+00:00","2025-02-19T18:29:36.469322+00:00"
"88040","West Virginia, Grant","54023","WV","West Virginia","Grant","Federal","Onshore","Federal onshore","County","County","","WV2Gr","2025-02-19T18:29:36.469322+00:00","2025-02-19T18:29:36.469322+00:00"
"88041","West Virginia, Lewis","54041","WV","West Virginia","Lewis","Federal","Onshore","Federal onshore","County","County","","WV2Le","2025-02-19T18:29:36.469322+00:00","2025-02-19T18:29:36.469322+00:00"
"88042","West Virginia, Mingo","54059","WV","West Virginia","Mingo","Federal","Onshore","Federal onshore","County","County","","WV2Mi","2025-02-19T18:29:36.469322+00:00","2025-02-19T18:29:36.469322+00:00"
"88043","West Virginia, Pendleton","54071","WV","West Virginia","Pendleton","Federal","Onshore","Federal onshore","County","County","","WV2Pe","2025-02-19T18:29:36.469322+00:00","2025-02-19T18:29:36.469322+00:00"
"88044","West Virginia, Pocahontas","54075","WV","West Virginia","Pocahontas","Federal","Onshore","Federal onshore","County","County","","WV2Po","2025-02-19T18:29:36.469322+00:00","2025-02-19T18:29:36.469322+00:00"
"88045","West Virginia, Preston","54077","WV","West Virginia","Preston","Federal","Onshore","Federal onshore","County","County","","WV2Pr","2025-02-19T18:29:36.469322+00:00","2025-02-19T18:29:36.469322+00:00"
"88046","West Virginia, Randolph","54083","WV","West Virginia","Randolph","Federal","Onshore","Federal onshore","County","County","","WV2Ra","2025-02-19T18:29:36.469322+00:00","2025-02-19T18:29:36.469322+00:00"
"88047","West Virginia, Tucker","54093","WV","West Virginia","Tucker","Federal","Onshore","Federal onshore","County","County","","WV2Tu","2025-02-19T18:29:36.469322+00:00","2025-02-19T18:29:36.469322+00:00"
"88048","West Virginia, Wayne","54099","WV","West Virginia","Wayne","Federal","Onshore","Federal onshore","County","County","","WV2Wa","2025-02-19T18:29:36.469322+00:00","2025-02-19T18:29:36.469322+00:00"
"88038","Wisconsin, Taylor","55119","WI","Wisconsin","Taylor","Federal","Onshore","Federal onshore","County","County","","WI2Ta","2025-02-19T18:29:36.469322+00:00","2025-02-19T18:29:36.469322+00:00"
"88052","Wyoming, Albany","56001","WY","Wyoming","Albany","Federal","Onshore","Federal onshore","County","County","","WY2Al","2025-02-19T18:29:36.469322+00:00","2025-02-19T18:29:36.469322+00:00"
"88053","Wyoming, Big Horn","56003","WY","Wyoming","Big Horn","Federal","Onshore","Federal onshore","County","County","","WY2Bi","2025-02-19T18:29:36.469322+00:00","2025-02-19T18:29:36.469322+00:00"
"88054","Wyoming, Campbell","56005","WY","Wyoming","Campbell","Federal","Onshore","Federal onshore","County","County","","WY2Ca","2025-02-19T18:29:36.469322+00:00","2025-02-19T18:29:36.469322+00:00"
"88055","Wyoming, Carbon","56007","WY","Wyoming","Carbon","Federal","Onshore","Federal onshore","County","County","","WY2Ca","2025-02-19T18:29:36.469322+00:00","2025-02-19T18:29:36.469322+00:00"
"88056","Wyoming, Converse","56009","WY","Wyoming","Converse","Federal","Onshore","Federal onshore","County","County","","WY2Co","2025-02-19T18:29:36.469322+00:00","2025-02-19T18:29:36.469322+00:00"
"88057","Wyoming, Crook","56011","WY","Wyoming","Crook","Federal","Onshore","Federal onshore","County","County","","WY2Cr","2025-02-19T18:29:36.469322+00:00","2025-02-19T18:29:36.469322+00:00"
"88058","Wyoming, Fremont","56013","WY","Wyoming","Fremont","Federal","Onshore","Federal onshore","County","County","","WY2Fr","2025-02-19T18:29:36.469322+00:00","2025-02-19T18:29:36.469322+00:00"
"88059","Wyoming, Goshen","56015","WY","Wyoming","Goshen","Federal","Onshore","Federal onshore","County","County","","WY2Go","2025-02-19T18:29:36.469322+00:00","2025-02-19T18:29:36.469322+00:00"
"88060","Wyoming, Hot Springs","56017","WY","Wyoming","Hot Springs","Federal","Onshore","Federal onshore","County","County","","WY2Ho","2025-02-19T18:29:36.469322+00:00","2025-02-19T18:29:36.469322+00:00"
"88061","Wyoming, Johnson","56019","WY","Wyoming","Johnson","Federal","Onshore","Federal onshore","County","County","","WY2Jo","2025-02-19T18:29:36.469322+00:00","2025-02-19T18:29:36.469322+00:00"
"88062","Wyoming, Laramie","56021","WY","Wyoming","Laramie","Federal","Onshore","Federal onshore","County","County","","WY2La","2025-02-19T18:29:36.469322+00:00","2025-02-19T18:29:36.469322+00:00"
"88063","Wyoming, Lincoln","56023","WY","Wyoming","Lincoln","Federal","Onshore","Federal onshore","County","County","","WY2Li","2025-02-19T18:29:36.469322+00:00","2025-02-19T18:29:36.469322+00:00"
"88064","Wyoming, Natrona","56025","WY","Wyoming","Natrona","Federal","Onshore","Federal onshore","County","County","","WY2Na","2025-02-19T18:29:36.469322+00:00","2025-02-19T18:29:36.469322+00:00"
"88065","Wyoming, Niobrara","56027","WY","Wyoming","Niobrara","Federal","Onshore","Federal onshore","County","County","","WY2Ni","2025-02-19T18:29:36.469322+00:00","2025-02-19T18:29:36.469322+00:00"
"88066","Wyoming, Park","56029","WY","Wyoming","Park","Federal","Onshore","Federal onshore","County","County","","WY2Pa","2025-02-19T18:29:36.469322+00:00","2025-02-19T18:29:36.469322+00:00"
"88251","Texas, Wilbarger","48487","TX","Texas","Wilbarger","Federal","Onshore","Federal onshore","County","County","","TX2Wi","2025-02-19T18:29:36.469322+00:00","2025-02-19T18:29:36.469322+00:00"
"88461","Texas, Wilson","48493","TX","Texas","Wilson","Federal","Onshore","Federal onshore","County","County","","TX2Wi","2025-02-19T18:29:36.469322+00:00","2025-02-19T18:29:36.469322+00:00"
"88067","Wyoming, Platte","56031","WY","Wyoming","Platte","Federal","Onshore","Federal onshore","County","County","","WY2Pl","2025-02-19T18:29:36.469322+00:00","2025-02-19T18:29:36.469322+00:00"
"88068","Wyoming, Sheridan","56033","WY","Wyoming","Sheridan","Federal","Onshore","Federal onshore","County","County","","WY2Sh","2025-02-19T18:29:36.469322+00:00","2025-02-19T18:29:36.469322+00:00"
"88069","Wyoming, Sublette","56035","WY","Wyoming","Sublette","Federal","Onshore","Federal onshore","County","County","","WY2Su","2025-02-19T18:29:36.469322+00:00","2025-02-19T18:29:36.469322+00:00"
"88070","Wyoming, Sweetwater","56037","WY","Wyoming","Sweetwater","Federal","Onshore","Federal onshore","County","County","","WY2Sw","2025-02-19T18:29:36.469322+00:00","2025-02-19T18:29:36.469322+00:00"
"88071","Wyoming, Teton","56039","WY","Wyoming","Teton","Federal","Onshore","Federal onshore","County","County","","WY2Te","2025-02-19T18:29:36.469322+00:00","2025-02-19T18:29:36.469322+00:00"
"88072","Wyoming, Uinta","56041","WY","Wyoming","Uinta","Federal","Onshore","Federal onshore","County","County","","WY2Ui","2025-02-19T18:29:36.469322+00:00","2025-02-19T18:29:36.469322+00:00"
"88073","Wyoming, Washakie","56043","WY","Wyoming","Washakie","Federal","Onshore","Federal onshore","County","County","","WY2Wa","2025-02-19T18:29:36.469322+00:00","2025-02-19T18:29:36.469322+00:00"
"88074","Wyoming, Weston","56045","WY","Wyoming","Weston","Federal","Onshore","Federal onshore","County","County","","WY2We","2025-02-19T18:29:36.469322+00:00","2025-02-19T18:29:36.469322+00:00"
"87371","Arkansas, Lee","05077","AR","Arkansas","Lee","Federal","Onshore","Federal onshore","County","County","","AR2Le","2025-02-19T18:29:36.469322+00:00","2025-02-19T18:29:36.469322+00:00"
"87372","Arkansas, Lincoln","05079","AR","Arkansas","Lincoln","Federal","Onshore","Federal onshore","County","County","","AR2Li","2025-02-19T18:29:36.469322+00:00","2025-02-19T18:29:36.469322+00:00"
"87373","Arkansas, Logan","05083","AR","Arkansas","Logan","Federal","Onshore","Federal onshore","County","County","","AR2Lo","2025-02-19T18:29:36.469322+00:00","2025-02-19T18:29:36.469322+00:00"
"87374","Arkansas, Madison","05087","AR","Arkansas","Madison","Federal","Onshore","Federal onshore","County","County","","AR2Ma","2025-02-19T18:29:36.469322+00:00","2025-02-19T18:29:36.469322+00:00"
"87375","Arkansas, Montgomery","05097","AR","Arkansas","Montgomery","Federal","Onshore","Federal onshore","County","County","","AR2Mo","2025-02-19T18:29:36.469322+00:00","2025-02-19T18:29:36.469322+00:00"
"87376","Arkansas, Nevada","05099","AR","Arkansas","Nevada","Federal","Onshore","Federal onshore","County","County","","AR2Ne","2025-02-19T18:29:36.469322+00:00","2025-02-19T18:29:36.469322+00:00"
"87377","Arkansas, Ouachita","05103","AR","Arkansas","Ouachita","Federal","Onshore","Federal onshore","County","County","","AR2Ou","2025-02-19T18:29:36.469322+00:00","2025-02-19T18:29:36.469322+00:00"
"87378","Arkansas, Perry","05105","AR","Arkansas","Perry","Federal","Onshore","Federal onshore","County","County","","AR2Pe","2025-02-19T18:29:36.469322+00:00","2025-02-19T18:29:36.469322+00:00"
"87379","Arkansas, Phillips","05107","AR","Arkansas","Phillips","Federal","Onshore","Federal onshore","County","County","","AR2Ph","2025-02-19T18:29:36.469322+00:00","2025-02-19T18:29:36.469322+00:00"
"87380","Arkansas, Polk","05113","AR","Arkansas","Polk","Federal","Onshore","Federal onshore","County","County","","AR2Po","2025-02-19T18:29:36.469322+00:00","2025-02-19T18:29:36.469322+00:00"
"87381","Arkansas, Pope","05115","AR","Arkansas","Pope","Federal","Onshore","Federal onshore","County","County","","AR2Po","2025-02-19T18:29:36.469322+00:00","2025-02-19T18:29:36.469322+00:00"
"87382","Arkansas, Prairie","05117","AR","Arkansas","Prairie","Federal","Onshore","Federal onshore","County","County","","AR2Pr","2025-02-19T18:29:36.469322+00:00","2025-02-19T18:29:36.469322+00:00"
"87383","Arkansas, Scott","05127","AR","Arkansas","Scott","Federal","Onshore","Federal onshore","County","County","","AR2Sc","2025-02-19T18:29:36.469322+00:00","2025-02-19T18:29:36.469322+00:00"
"87384","Arkansas, Sebastian","05131","AR","Arkansas","Sebastian","Federal","Onshore","Federal onshore","County","County","","AR2Se","2025-02-19T18:29:36.469322+00:00","2025-02-19T18:29:36.469322+00:00"
"87385","Arkansas, Stone","05137","AR","Arkansas","Stone","Federal","Onshore","Federal onshore","County","County","","AR2St","2025-02-19T18:29:36.469322+00:00","2025-02-19T18:29:36.469322+00:00"
"87386","Arkansas, Van Buren","05141","AR","Arkansas","Van Buren","Federal","Onshore","Federal onshore","County","County","","AR2Va","2025-02-19T18:29:36.469322+00:00","2025-02-19T18:29:36.469322+00:00"
"87387","Arkansas, Washington","05143","AR","Arkansas","Washington","Federal","Onshore","Federal onshore","County","County","","AR2Wa","2025-02-19T18:29:36.469322+00:00","2025-02-19T18:29:36.469322+00:00"
"87388","Arkansas, White","05145","AR","Arkansas","White","Federal","Onshore","Federal onshore","County","County","","AR2Wh","2025-02-19T18:29:36.469322+00:00","2025-02-19T18:29:36.469322+00:00"
"87389","Arkansas, Yell","05149","AR","Arkansas","Yell","Federal","Onshore","Federal onshore","County","County","","AR2Ye","2025-02-19T18:29:36.469322+00:00","2025-02-19T18:29:36.469322+00:00"
"87425","California, Sutter","06101","CA","California","Sutter","Federal","Onshore","Federal onshore","County","County","","CA2Su","2025-02-19T18:29:36.469322+00:00","2025-02-19T18:29:36.469322+00:00"
"87426","California, Trinity","06105","CA","California","Trinity","Federal","Onshore","Federal onshore","County","County","","CA2Tr","2025-02-19T18:29:36.469322+00:00","2025-02-19T18:29:36.469322+00:00"
"87427","California, Tulare","06107","CA","California","Tulare","Federal","Onshore","Federal onshore","County","County","","CA2Tu","2025-02-19T18:29:36.469322+00:00","2025-02-19T18:29:36.469322+00:00"
"87434","Colorado, Baca","08009","CO","Colorado","Baca","Federal","Onshore","Federal onshore","County","County","","CO2Ba","2025-02-19T18:29:36.469322+00:00","2025-02-19T18:29:36.469322+00:00"
"87435","Colorado, Bent","08011","CO","Colorado","Bent","Federal","Onshore","Federal onshore","County","County","","CO2Be","2025-02-19T18:29:36.469322+00:00","2025-02-19T18:29:36.469322+00:00"
"87436","Colorado, Broomfield","08014","CO","Colorado","Broomfield","Federal","Onshore","Federal onshore","County","County","","CO2Br","2025-02-19T18:29:36.469322+00:00","2025-02-19T18:29:36.469322+00:00"
"87437","Colorado, Chaffee","08015","CO","Colorado","Chaffee","Federal","Onshore","Federal onshore","County","County","","CO2Ch","2025-02-19T18:29:36.469322+00:00","2025-02-19T18:29:36.469322+00:00"
"87438","Colorado, Cheyenne","08017","CO","Colorado","Cheyenne","Federal","Onshore","Federal onshore","County","County","","CO2Ch","2025-02-19T18:29:36.469322+00:00","2025-02-19T18:29:36.469322+00:00"
"87439","Colorado, Crowley","08025","CO","Colorado","Crowley","Federal","Onshore","Federal onshore","County","County","","CO2Cr","2025-02-19T18:29:36.469322+00:00","2025-02-19T18:29:36.469322+00:00"
"87440","Colorado, Custer","08027","CO","Colorado","Custer","Federal","Onshore","Federal onshore","County","County","","CO2Cu","2025-02-19T18:29:36.469322+00:00","2025-02-19T18:29:36.469322+00:00"
"87441","Colorado, Delta","08029","CO","Colorado","Delta","Federal","Onshore","Federal onshore","County","County","","CO2De","2025-02-19T18:29:36.469322+00:00","2025-02-19T18:29:36.469322+00:00"
"87442","Colorado, Dolores","08033","CO","Colorado","Dolores","Federal","Onshore","Federal onshore","County","County","","CO2Do","2025-02-19T18:29:36.469322+00:00","2025-02-19T18:29:36.469322+00:00"
"87443","Colorado, Douglas","08035","CO","Colorado","Douglas","Federal","Onshore","Federal onshore","County","County","","CO2Do","2025-02-19T18:29:36.469322+00:00","2025-02-19T18:29:36.469322+00:00"
"87444","Colorado, Eagle","08037","CO","Colorado","Eagle","Federal","Onshore","Federal onshore","County","County","","CO2Ea","2025-02-19T18:29:36.469322+00:00","2025-02-19T18:29:36.469322+00:00"
"87445","Colorado, Elbert","08039","CO","Colorado","Elbert","Federal","Onshore","Federal onshore","County","County","","CO2El","2025-02-19T18:29:36.469322+00:00","2025-02-19T18:29:36.469322+00:00"
"87446","Colorado, El Paso","08041","CO","Colorado","El Paso","Federal","Onshore","Federal onshore","County","County","","CO2El","2025-02-19T18:29:36.469322+00:00","2025-02-19T18:29:36.469322+00:00"
"87447","Colorado, Fremont","08043","CO","Colorado","Fremont","Federal","Onshore","Federal onshore","County","County","","CO2Fr","2025-02-19T18:29:36.469322+00:00","2025-02-19T18:29:36.469322+00:00"
"87448","Colorado, Garfield","08045","CO","Colorado","Garfield","Federal","Onshore","Federal onshore","County","County","","CO2Ga","2025-02-19T18:29:36.469322+00:00","2025-02-19T18:29:36.469322+00:00"
"87449","Colorado, Grand","08049","CO","Colorado","Grand","Federal","Onshore","Federal onshore","County","County","","CO2Gr","2025-02-19T18:29:36.469322+00:00","2025-02-19T18:29:36.469322+00:00"
"87450","Colorado, Gunnison","08051","CO","Colorado","Gunnison","Federal","Onshore","Federal onshore","County","County","","CO2Gu","2025-02-19T18:29:36.469322+00:00","2025-02-19T18:29:36.469322+00:00"
"87451","Colorado, Huerfano","08055","CO","Colorado","Huerfano","Federal","Onshore","Federal onshore","County","County","","CO2Hu","2025-02-19T18:29:36.469322+00:00","2025-02-19T18:29:36.469322+00:00"
"87452","Colorado, Jackson","08057","CO","Colorado","Jackson","Federal","Onshore","Federal onshore","County","County","","CO2Ja","2025-02-19T18:29:36.469322+00:00","2025-02-19T18:29:36.469322+00:00"
"87453","Colorado, Kiowa","08061","CO","Colorado","Kiowa","Federal","Onshore","Federal onshore","County","County","","CO2Ki","2025-02-19T18:29:36.469322+00:00","2025-02-19T18:29:36.469322+00:00"
"87454","Colorado, Kit Carson","08063","CO","Colorado","Kit Carson","Federal","Onshore","Federal onshore","County","County","","CO2Ki","2025-02-19T18:29:36.469322+00:00","2025-02-19T18:29:36.469322+00:00"
"87455","Colorado, La Plata","08067","CO","Colorado","La Plata","Federal","Onshore","Federal onshore","County","County","","CO2La","2025-02-19T18:29:36.469322+00:00","2025-02-19T18:29:36.469322+00:00"
"87456","Colorado, Larimer","08069","CO","Colorado","Larimer","Federal","Onshore","Federal onshore","County","County","","CO2La","2025-02-19T18:29:36.469322+00:00","2025-02-19T18:29:36.469322+00:00"
"87457","Colorado, Las Animas","08071","CO","Colorado","Las Animas","Federal","Onshore","Federal onshore","County","County","","CO2La","2025-02-19T18:29:36.469322+00:00","2025-02-19T18:29:36.469322+00:00"
"87458","Colorado, Lincoln","08073","CO","Colorado","Lincoln","Federal","Onshore","Federal onshore","County","County","","CO2Li","2025-02-19T18:29:36.469322+00:00","2025-02-19T18:29:36.469322+00:00"
"87459","Colorado, Logan","08075","CO","Colorado","Logan","Federal","Onshore","Federal onshore","County","County","","CO2Lo","2025-02-19T18:29:36.469322+00:00","2025-02-19T18:29:36.469322+00:00"
"87460","Colorado, Mesa","08077","CO","Colorado","Mesa","Federal","Onshore","Federal onshore","County","County","","CO2Me","2025-02-19T18:29:36.469322+00:00","2025-02-19T18:29:36.469322+00:00"
"87461","Colorado, Moffat","08081","CO","Colorado","Moffat","Federal","Onshore","Federal onshore","County","County","","CO2Mo","2025-02-19T18:29:36.469322+00:00","2025-02-19T18:29:36.469322+00:00"
"87462","Colorado, Montezuma","08083","CO","Colorado","Montezuma","Federal","Onshore","Federal onshore","County","County","","CO2Mo","2025-02-19T18:29:36.469322+00:00","2025-02-19T18:29:36.469322+00:00"
"87463","Colorado, Montrose","08085","CO","Colorado","Montrose","Federal","Onshore","Federal onshore","County","County","","CO2Mo","2025-02-19T18:29:36.469322+00:00","2025-02-19T18:29:36.469322+00:00"
"87464","Colorado, Morgan","08087","CO","Colorado","Morgan","Federal","Onshore","Federal onshore","County","County","","CO2Mo","2025-02-19T18:29:36.469322+00:00","2025-02-19T18:29:36.469322+00:00"
"87465","Colorado, Ouray","08091","CO","Colorado","Ouray","Federal","Onshore","Federal onshore","County","County","","CO2Ou","2025-02-19T18:29:36.469322+00:00","2025-02-19T18:29:36.469322+00:00"
"87466","Colorado, Park","08093","CO","Colorado","Park","Federal","Onshore","Federal onshore","County","County","","CO2Pa","2025-02-19T18:29:36.469322+00:00","2025-02-19T18:29:36.469322+00:00"
"87467","Colorado, Phillips","08095","CO","Colorado","Phillips","Federal","Onshore","Federal onshore","County","County","","CO2Ph","2025-02-19T18:29:36.469322+00:00","2025-02-19T18:29:36.469322+00:00"
"87468","Colorado, Pitkin","08097","CO","Colorado","Pitkin","Federal","Onshore","Federal onshore","County","County","","CO2Pi","2025-02-19T18:29:36.469322+00:00","2025-02-19T18:29:36.469322+00:00"
"87469","Colorado, Prowers","08099","CO","Colorado","Prowers","Federal","Onshore","Federal onshore","County","County","","CO2Pr","2025-02-19T18:29:36.469322+00:00","2025-02-19T18:29:36.469322+00:00"
"87470","Colorado, Pueblo","08101","CO","Colorado","Pueblo","Federal","Onshore","Federal onshore","County","County","","CO2Pu","2025-02-19T18:29:36.469322+00:00","2025-02-19T18:29:36.469322+00:00"
"87471","Colorado, Rio Blanco","08103","CO","Colorado","Rio Blanco","Federal","Onshore","Federal onshore","County","County","","CO2Ri","2025-02-19T18:29:36.469322+00:00","2025-02-19T18:29:36.469322+00:00"
"87472","Colorado, Rio Grande","08105","CO","Colorado","Rio Grande","Federal","Onshore","Federal onshore","County","County","","CO2Ri","2025-02-19T18:29:36.469322+00:00","2025-02-19T18:29:36.469322+00:00"
"87473","Colorado, Routt","08107","CO","Colorado","Routt","Federal","Onshore","Federal onshore","County","County","","CO2Ro","2025-02-19T18:29:36.469322+00:00","2025-02-19T18:29:36.469322+00:00"
"87474","Colorado, Saguache","08109","CO","Colorado","Saguache","Federal","Onshore","Federal onshore","County","County","","CO2Sa","2025-02-19T18:29:36.469322+00:00","2025-02-19T18:29:36.469322+00:00"
"87475","Colorado, San Juan","08111","CO","Colorado","San Juan","Federal","Onshore","Federal onshore","County","County","","CO2Sa","2025-02-19T18:29:36.469322+00:00","2025-02-19T18:29:36.469322+00:00"
"87476","Colorado, San Miguel","08113","CO","Colorado","San Miguel","Federal","Onshore","Federal onshore","County","County","","CO2Sa","2025-02-19T18:29:36.469322+00:00","2025-02-19T18:29:36.469322+00:00"
"87477","Colorado, Sedgwick","08115","CO","Colorado","Sedgwick","Federal","Onshore","Federal onshore","County","County","","CO2Se","2025-02-19T18:29:36.469322+00:00","2025-02-19T18:29:36.469322+00:00"
"87478","Colorado, Washington","08121","CO","Colorado","Washington","Federal","Onshore","Federal onshore","County","County","","CO2Wa","2025-02-19T18:29:36.469322+00:00","2025-02-19T18:29:36.469322+00:00"
"87479","Colorado, Weld","08123","CO","Colorado","Weld","Federal","Onshore","Federal onshore","County","County","","CO2We","2025-02-19T18:29:36.469322+00:00","2025-02-19T18:29:36.469322+00:00"
"87480","Colorado, Yuma","08125","CO","Colorado","Yuma","Federal","Onshore","Federal onshore","County","County","","CO2Yu","2025-02-19T18:29:36.469322+00:00","2025-02-19T18:29:36.469322+00:00"
"87526","Kansas, Greeley","20071","KS","Kansas","Greeley","Federal","Onshore","Federal onshore","County","County","","KS2Gr","2025-02-19T18:29:36.469322+00:00","2025-02-19T18:29:36.469322+00:00"
"87527","Kansas, Hamilton","20075","KS","Kansas","Hamilton","Federal","Onshore","Federal onshore","County","County","","KS2Ha","2025-02-19T18:29:36.469322+00:00","2025-02-19T18:29:36.469322+00:00"
"87528","Kansas, Haskell","20081","KS","Kansas","Haskell","Federal","Onshore","Federal onshore","County","County","","KS2Ha","2025-02-19T18:29:36.469322+00:00","2025-02-19T18:29:36.469322+00:00"
"87529","Kansas, Kearny","20093","KS","Kansas","Kearny","Federal","Onshore","Federal onshore","County","County","","KS2Ke","2025-02-19T18:29:36.469322+00:00","2025-02-19T18:29:36.469322+00:00"
"87530","Kansas, Labette","20099","KS","Kansas","Labette","Federal","Onshore","Federal onshore","County","County","","KS2La","2025-02-19T18:29:36.469322+00:00","2025-02-19T18:29:36.469322+00:00"
"87531","Kansas, Lane","20101","KS","Kansas","Lane","Federal","Onshore","Federal onshore","County","County","","KS2La","2025-02-19T18:29:36.469322+00:00","2025-02-19T18:29:36.469322+00:00"
"87532","Kansas, Logan","20109","KS","Kansas","Logan","Federal","Onshore","Federal onshore","County","County","","KS2Lo","2025-02-19T18:29:36.469322+00:00","2025-02-19T18:29:36.469322+00:00"
"87533","Kansas, Marion","20115","KS","Kansas","Marion","Federal","Onshore","Federal onshore","County","County","","KS2Ma","2025-02-19T18:29:36.469322+00:00","2025-02-19T18:29:36.469322+00:00"
"87534","Kansas, Marshall","20117","KS","Kansas","Marshall","Federal","Onshore","Federal onshore","County","County","","KS2Ma","2025-02-19T18:29:36.469322+00:00","2025-02-19T18:29:36.469322+00:00"
"87535","Kansas, Meade","20119","KS","Kansas","Meade","Federal","Onshore","Federal onshore","County","County","","KS2Me","2025-02-19T18:29:36.469322+00:00","2025-02-19T18:29:36.469322+00:00"
"87536","Kansas, Morton","20129","KS","Kansas","Morton","Federal","Onshore","Federal onshore","County","County","","KS2Mo","2025-02-19T18:29:36.469322+00:00","2025-02-19T18:29:36.469322+00:00"
"87537","Kansas, Norton","20137","KS","Kansas","Norton","Federal","Onshore","Federal onshore","County","County","","KS2No","2025-02-19T18:29:36.469322+00:00","2025-02-19T18:29:36.469322+00:00"
"87538","Kansas, Russell","20167","KS","Kansas","Russell","Federal","Onshore","Federal onshore","County","County","","KS2Ru","2025-02-19T18:29:36.469322+00:00","2025-02-19T18:29:36.469322+00:00"
"87539","Kansas, Saline","20169","KS","Kansas","Saline","Federal","Onshore","Federal onshore","County","County","","KS2Sa","2025-02-19T18:29:36.469322+00:00","2025-02-19T18:29:36.469322+00:00"
"87540","Kansas, Seward","20175","KS","Kansas","Seward","Federal","Onshore","Federal onshore","County","County","","KS2Se","2025-02-19T18:29:36.469322+00:00","2025-02-19T18:29:36.469322+00:00"
"87541","Kansas, Sherman","20181","KS","Kansas","Sherman","Federal","Onshore","Federal onshore","County","County","","KS2Sh","2025-02-19T18:29:36.469322+00:00","2025-02-19T18:29:36.469322+00:00"
"87542","Kansas, Stanton","20187","KS","Kansas","Stanton","Federal","Onshore","Federal onshore","County","County","","KS2St","2025-02-19T18:29:36.469322+00:00","2025-02-19T18:29:36.469322+00:00"
"87543","Kansas, Stevens","20189","KS","Kansas","Stevens","Federal","Onshore","Federal onshore","County","County","","KS2St","2025-02-19T18:29:36.469322+00:00","2025-02-19T18:29:36.469322+00:00"
"87544","Kansas, Trego","20195","KS","Kansas","Trego","Federal","Onshore","Federal onshore","County","County","","KS2Tr","2025-02-19T18:29:36.469322+00:00","2025-02-19T18:29:36.469322+00:00"
"87545","Kansas, Wilson","20205","KS","Kansas","Wilson","Federal","Onshore","Federal onshore","County","County","","KS2Wi","2025-02-19T18:29:36.469322+00:00","2025-02-19T18:29:36.469322+00:00"
"87546","Kansas, Woodson","20207","KS","Kansas","Woodson","Federal","Onshore","Federal onshore","County","County","","KS2Wo","2025-02-19T18:29:36.469322+00:00","2025-02-19T18:29:36.469322+00:00"
"87560","Kentucky, Mccreary","21147","KY","Kentucky","Mccreary","Federal","Onshore","Federal onshore","County","County","","KY2Mc","2025-02-19T18:29:36.469322+00:00","2025-02-19T18:29:36.469322+00:00"
"87561","Kentucky, Meade","21163","KY","Kentucky","Meade","Federal","Onshore","Federal onshore","County","County","","KY2Me","2025-02-19T18:29:36.469322+00:00","2025-02-19T18:29:36.469322+00:00"
"87562","Kentucky, Morgan","21175","KY","Kentucky","Morgan","Federal","Onshore","Federal onshore","County","County","","KY2Mo","2025-02-19T18:29:36.469322+00:00","2025-02-19T18:29:36.469322+00:00"
"87563","Kentucky, Owsley","21189","KY","Kentucky","Owsley","Federal","Onshore","Federal onshore","County","County","","KY2Ow","2025-02-19T18:29:36.469322+00:00","2025-02-19T18:29:36.469322+00:00"
"87564","Kentucky, Pike","21195","KY","Kentucky","Pike","Federal","Onshore","Federal onshore","County","County","","KY2Pi","2025-02-19T18:29:36.469322+00:00","2025-02-19T18:29:36.469322+00:00"
"87565","Kentucky, Union","21225","KY","Kentucky","Union","Federal","Onshore","Federal onshore","County","County","","KY2Un","2025-02-19T18:29:36.469322+00:00","2025-02-19T18:29:36.469322+00:00"
"87566","Kentucky, Whitley","21235","KY","Kentucky","Whitley","Federal","Onshore","Federal onshore","County","County","","KY2Wh","2025-02-19T18:29:36.469322+00:00","2025-02-19T18:29:36.469322+00:00"
"87584","Louisiana, Jefferson","22051","LA","Louisiana","Jefferson","Federal","Onshore","Federal onshore","County","County","","LA2Je","2025-02-19T18:29:36.469322+00:00","2025-02-19T18:29:36.469322+00:00"
"87585","Louisiana, Lafourche","22057","LA","Louisiana","Lafourche","Federal","Onshore","Federal onshore","County","County","","LA2La","2025-02-19T18:29:36.469322+00:00","2025-02-19T18:29:36.469322+00:00"
"87586","Louisiana, La Salle","22059","LA","Louisiana","La Salle","Federal","Onshore","Federal onshore","County","County","","LA2La","2025-02-19T18:29:36.469322+00:00","2025-02-19T18:29:36.469322+00:00"
"87587","Louisiana, Lincoln","22061","LA","Louisiana","Lincoln","Federal","Onshore","Federal onshore","County","County","","LA2Li","2025-02-19T18:29:36.469322+00:00","2025-02-19T18:29:36.469322+00:00"
"87588","Louisiana, Livingston","22063","LA","Louisiana","Livingston","Federal","Onshore","Federal onshore","County","County","","LA2Li","2025-02-19T18:29:36.469322+00:00","2025-02-19T18:29:36.469322+00:00"
"87590","Louisiana, Natchitoches","22069","LA","Louisiana","Natchitoches","Federal","Onshore","Federal onshore","County","County","","LA2Na","2025-02-19T18:29:36.469322+00:00","2025-02-19T18:29:36.469322+00:00"
"87591","Louisiana, Orleans","22071","LA","Louisiana","Orleans","Federal","Onshore","Federal onshore","County","County","","LA2Or","2025-02-19T18:29:36.469322+00:00","2025-02-19T18:29:36.469322+00:00"
"87592","Louisiana, Ouachita","22073","LA","Louisiana","Ouachita","Federal","Onshore","Federal onshore","County","County","","LA2Ou","2025-02-19T18:29:36.469322+00:00","2025-02-19T18:29:36.469322+00:00"
"87593","Louisiana, Plaquemines","22075","LA","Louisiana","Plaquemines","Federal","Onshore","Federal onshore","County","County","","LA2Pl","2025-02-19T18:29:36.469322+00:00","2025-02-19T18:29:36.469322+00:00"
"87595","Louisiana, Rapides","22079","LA","Louisiana","Rapides","Federal","Onshore","Federal onshore","County","County","","LA2Ra","2025-02-19T18:29:36.469322+00:00","2025-02-19T18:29:36.469322+00:00"
"87596","Louisiana, Red River","22081","LA","Louisiana","Red River","Federal","Onshore","Federal onshore","County","County","","LA2Re","2025-02-19T18:29:36.469322+00:00","2025-02-19T18:29:36.469322+00:00"
"87597","Louisiana, Sabine","22085","LA","Louisiana","Sabine","Federal","Onshore","Federal onshore","County","County","","LA2Sa","2025-02-19T18:29:36.469322+00:00","2025-02-19T18:29:36.469322+00:00"
"87598","Louisiana, S Pass","22721","LA","Louisiana","S Pass","Federal","Onshore","Federal onshore","County","County","","LA2S ","2025-02-19T18:29:36.469322+00:00","2025-02-19T18:29:36.469322+00:00"
"87599","Louisiana, St Bernard","22087","LA","Louisiana","St Bernard","Federal","Onshore","Federal onshore","County","County","","LA2St","2025-02-19T18:29:36.469322+00:00","2025-02-19T18:29:36.469322+00:00"
"87603","Louisiana, Terrebonne","22109","LA","Louisiana","Terrebonne","Federal","Onshore","Federal onshore","County","County","","LA2Te","2025-02-19T18:29:36.469322+00:00","2025-02-19T18:29:36.469322+00:00"
"87604","Louisiana, Union","22111","LA","Louisiana","Union","Federal","Onshore","Federal onshore","County","County","","LA2Un","2025-02-19T18:29:36.469322+00:00","2025-02-19T18:29:36.469322+00:00"
"87605","Louisiana, Vermilion","22113","LA","Louisiana","Vermilion","Federal","Onshore","Federal onshore","County","County","","LA2Ve","2025-02-19T18:29:36.469322+00:00","2025-02-19T18:29:36.469322+00:00"
"87606","Louisiana, Vernon","22115","LA","Louisiana","Vernon","Federal","Onshore","Federal onshore","County","County","","LA2Ve","2025-02-19T18:29:36.469322+00:00","2025-02-19T18:29:36.469322+00:00"
"87607","Louisiana, W Delta","22719","LA","Louisiana","W Delta","Federal","Onshore","Federal onshore","County","County","","LA2W ","2025-02-19T18:29:36.469322+00:00","2025-02-19T18:29:36.469322+00:00"
"87608","Louisiana, Webster","22119","LA","Louisiana","Webster","Federal","Onshore","Federal onshore","County","County","","LA2We","2025-02-19T18:29:36.469322+00:00","2025-02-19T18:29:36.469322+00:00"
"87609","Louisiana, Winn","22127","LA","Louisiana","Winn","Federal","Onshore","Federal onshore","County","County","","LA2Wi","2025-02-19T18:29:36.469322+00:00","2025-02-19T18:29:36.469322+00:00"
"87639","Minnesota, Blue Earth","27013","MN","Minnesota","Blue Earth","Federal","Onshore","Federal onshore","County","County","","MN2Bl","2025-02-19T18:29:36.469322+00:00","2025-02-19T18:29:36.469322+00:00"
"87640","Minnesota, Lake","27075","MN","Minnesota","Lake","Federal","Onshore","Federal onshore","County","County","","MN2La","2025-02-19T18:29:36.469322+00:00","2025-02-19T18:29:36.469322+00:00"
"87641","Minnesota, Le Sueur","27079","MN","Minnesota","Le Sueur","Federal","Onshore","Federal onshore","County","County","","MN2Le","2025-02-19T18:29:36.469322+00:00","2025-02-19T18:29:36.469322+00:00"
"87655","Mississippi, Choctaw","28019","MS","Mississippi","Choctaw","Federal","Onshore","Federal onshore","County","County","","MS2Ch","2025-02-19T18:29:36.469322+00:00","2025-02-19T18:29:36.469322+00:00"
"87656","Mississippi, Claiborne","28021","MS","Mississippi","Claiborne","Federal","Onshore","Federal onshore","County","County","","MS2Cl","2025-02-19T18:29:36.469322+00:00","2025-02-19T18:29:36.469322+00:00"
"87657","Mississippi, Clarke","28023","MS","Mississippi","Clarke","Federal","Onshore","Federal onshore","County","County","","MS2Cl","2025-02-19T18:29:36.469322+00:00","2025-02-19T18:29:36.469322+00:00"
"87658","Mississippi, Copiah","28029","MS","Mississippi","Copiah","Federal","Onshore","Federal onshore","County","County","","MS2Co","2025-02-19T18:29:36.469322+00:00","2025-02-19T18:29:36.469322+00:00"
"87659","Mississippi, Covington","28031","MS","Mississippi","Covington","Federal","Onshore","Federal onshore","County","County","","MS2Co","2025-02-19T18:29:36.469322+00:00","2025-02-19T18:29:36.469322+00:00"
"87660","Mississippi, Forrest","28035","MS","Mississippi","Forrest","Federal","Onshore","Federal onshore","County","County","","MS2Fo","2025-02-19T18:29:36.469322+00:00","2025-02-19T18:29:36.469322+00:00"
"87661","Mississippi, Franklin","28037","MS","Mississippi","Franklin","Federal","Onshore","Federal onshore","County","County","","MS2Fr","2025-02-19T18:29:36.469322+00:00","2025-02-19T18:29:36.469322+00:00"
"87662","Mississippi, George","28039","MS","Mississippi","George","Federal","Onshore","Federal onshore","County","County","","MS2Ge","2025-02-19T18:29:36.469322+00:00","2025-02-19T18:29:36.469322+00:00"
"87663","Mississippi, Greene","28041","MS","Mississippi","Greene","Federal","Onshore","Federal onshore","County","County","","MS2Gr","2025-02-19T18:29:36.469322+00:00","2025-02-19T18:29:36.469322+00:00"
"87664","Mississippi, Grenada","28043","MS","Mississippi","Grenada","Federal","Onshore","Federal onshore","County","County","","MS2Gr","2025-02-19T18:29:36.469322+00:00","2025-02-19T18:29:36.469322+00:00"
"87665","Mississippi, Hancock","28045","MS","Mississippi","Hancock","Federal","Onshore","Federal onshore","County","County","","MS2Ha","2025-02-19T18:29:36.469322+00:00","2025-02-19T18:29:36.469322+00:00"
"87666","Mississippi, Harrison","28047","MS","Mississippi","Harrison","Federal","Onshore","Federal onshore","County","County","","MS2Ha","2025-02-19T18:29:36.469322+00:00","2025-02-19T18:29:36.469322+00:00"
"87667","Mississippi, Itawamba","28057","MS","Mississippi","Itawamba","Federal","Onshore","Federal onshore","County","County","","MS2It","2025-02-19T18:29:36.469322+00:00","2025-02-19T18:29:36.469322+00:00"
"87668","Mississippi, Jackson","28059","MS","Mississippi","Jackson","Federal","Onshore","Federal onshore","County","County","","MS2Ja","2025-02-19T18:29:36.469322+00:00","2025-02-19T18:29:36.469322+00:00"
"87669","Mississippi, Jasper","28061","MS","Mississippi","Jasper","Federal","Onshore","Federal onshore","County","County","","MS2Ja","2025-02-19T18:29:36.469322+00:00","2025-02-19T18:29:36.469322+00:00"
"87671","Mississippi, Jefferson","28063","MS","Mississippi","Jefferson","Federal","Onshore","Federal onshore","County","County","","MS2Je","2025-02-19T18:29:36.469322+00:00","2025-02-19T18:29:36.469322+00:00"
"87672","Mississippi, Jones","28067","MS","Mississippi","Jones","Federal","Onshore","Federal onshore","County","County","","MS2Jo","2025-02-19T18:29:36.469322+00:00","2025-02-19T18:29:36.469322+00:00"
"87673","Mississippi, Lamar","28073","MS","Mississippi","Lamar","Federal","Onshore","Federal onshore","County","County","","MS2La","2025-02-19T18:29:36.469322+00:00","2025-02-19T18:29:36.469322+00:00"
"87674","Mississippi, Lawrence","28077","MS","Mississippi","Lawrence","Federal","Onshore","Federal onshore","County","County","","MS2La","2025-02-19T18:29:36.469322+00:00","2025-02-19T18:29:36.469322+00:00"
"87675","Mississippi, Lincoln","28085","MS","Mississippi","Lincoln","Federal","Onshore","Federal onshore","County","County","","MS2Li","2025-02-19T18:29:36.469322+00:00","2025-02-19T18:29:36.469322+00:00"
"87676","Mississippi, Lowndes","28087","MS","Mississippi","Lowndes","Federal","Onshore","Federal onshore","County","County","","MS2Lo","2025-02-19T18:29:36.469322+00:00","2025-02-19T18:29:36.469322+00:00"
"87677","Mississippi, Madison","28089","MS","Mississippi","Madison","Federal","Onshore","Federal onshore","County","County","","MS2Ma","2025-02-19T18:29:36.469322+00:00","2025-02-19T18:29:36.469322+00:00"
"87678","Mississippi, Marion","28091","MS","Mississippi","Marion","Federal","Onshore","Federal onshore","County","County","","MS2Ma","2025-02-19T18:29:36.469322+00:00","2025-02-19T18:29:36.469322+00:00"
"87679","Mississippi, Monroe","28095","MS","Mississippi","Monroe","Federal","Onshore","Federal onshore","County","County","","MS2Mo","2025-02-19T18:29:36.469322+00:00","2025-02-19T18:29:36.469322+00:00"
"87680","Mississippi, Neshoba","28099","MS","Mississippi","Neshoba","Federal","Onshore","Federal onshore","County","County","","MS2Ne","2025-02-19T18:29:36.469322+00:00","2025-02-19T18:29:36.469322+00:00"
"87681","Mississippi, Newton","28101","MS","Mississippi","Newton","Federal","Onshore","Federal onshore","County","County","","MS2Ne","2025-02-19T18:29:36.469322+00:00","2025-02-19T18:29:36.469322+00:00"
"87682","Mississippi, Oktibbeha","28105","MS","Mississippi","Oktibbeha","Federal","Onshore","Federal onshore","County","County","","MS2Ok","2025-02-19T18:29:36.469322+00:00","2025-02-19T18:29:36.469322+00:00"
"87600","Louisiana, St. Charles","22089","LA","Louisiana","St. Charles","Federal","Onshore","Federal onshore","County","County","","LA2St","2025-02-19T18:29:36.469322+00:00","2025-02-19T18:29:36.469322+00:00"
"87594","Louisiana, Pointe Coupee","22077","LA","Louisiana","Pointe Coupee","Federal","Onshore","Federal onshore","County","County","","LA2Pt","2025-02-19T18:29:36.469322+00:00","2025-02-19T18:29:36.469322+00:00"
"87642","Minnesota, St. Louis","27137","MN","Minnesota","St. Louis","Federal","Onshore","Federal onshore","County","County","","MN2St","2025-02-19T18:29:36.469322+00:00","2025-02-19T18:29:36.469322+00:00"
"87683","Mississippi, Pearl River","28109","MS","Mississippi","Pearl River","Federal","Onshore","Federal onshore","County","County","","MS2Pe","2025-02-19T18:29:36.469322+00:00","2025-02-19T18:29:36.469322+00:00"
"87684","Mississippi, Perry","28111","MS","Mississippi","Perry","Federal","Onshore","Federal onshore","County","County","","MS2Pe","2025-02-19T18:29:36.469322+00:00","2025-02-19T18:29:36.469322+00:00"
"87685","Mississippi, Scott","28123","MS","Mississippi","Scott","Federal","Onshore","Federal onshore","County","County","","MS2Sc","2025-02-19T18:29:36.469322+00:00","2025-02-19T18:29:36.469322+00:00"
"87686","Mississippi, Sharkey","28125","MS","Mississippi","Sharkey","Federal","Onshore","Federal onshore","County","County","","MS2Sh","2025-02-19T18:29:36.469322+00:00","2025-02-19T18:29:36.469322+00:00"
"87687","Mississippi, Simpson","28127","MS","Mississippi","Simpson","Federal","Onshore","Federal onshore","County","County","","MS2Si","2025-02-19T18:29:36.469322+00:00","2025-02-19T18:29:36.469322+00:00"
"87688","Mississippi, Smith","28129","MS","Mississippi","Smith","Federal","Onshore","Federal onshore","County","County","","MS2Sm","2025-02-19T18:29:36.469322+00:00","2025-02-19T18:29:36.469322+00:00"
"87689","Mississippi, Stone","28131","MS","Mississippi","Stone","Federal","Onshore","Federal onshore","County","County","","MS2St","2025-02-19T18:29:36.469322+00:00","2025-02-19T18:29:36.469322+00:00"
"87690","Mississippi, Tate","28137","MS","Mississippi","Tate","Federal","Onshore","Federal onshore","County","County","","MS2Ta","2025-02-19T18:29:36.469322+00:00","2025-02-19T18:29:36.469322+00:00"
"87691","Mississippi, Tippah","28139","MS","Mississippi","Tippah","Federal","Onshore","Federal onshore","County","County","","MS2Ti","2025-02-19T18:29:36.469322+00:00","2025-02-19T18:29:36.469322+00:00"
"87692","Mississippi, Tishomingo","28141","MS","Mississippi","Tishomingo","Federal","Onshore","Federal onshore","County","County","","MS2Ti","2025-02-19T18:29:36.469322+00:00","2025-02-19T18:29:36.469322+00:00"
"87693","Mississippi, Wayne","28153","MS","Mississippi","Wayne","Federal","Onshore","Federal onshore","County","County","","MS2Wa","2025-02-19T18:29:36.469322+00:00","2025-02-19T18:29:36.469322+00:00"
"87694","Mississippi, Wilkinson","28157","MS","Mississippi","Wilkinson","Federal","Onshore","Federal onshore","County","County","","MS2Wi","2025-02-19T18:29:36.469322+00:00","2025-02-19T18:29:36.469322+00:00"
"87695","Mississippi, Winston","28159","MS","Mississippi","Winston","Federal","Onshore","Federal onshore","County","County","","MS2Wi","2025-02-19T18:29:36.469322+00:00","2025-02-19T18:29:36.469322+00:00"
"87696","Mississippi, Yalobusha","28161","MS","Mississippi","Yalobusha","Federal","Onshore","Federal onshore","County","County","","MS2Ya","2025-02-19T18:29:36.469322+00:00","2025-02-19T18:29:36.469322+00:00"
"87727","Montana, Phillips","30071","MT","Montana","Phillips","Federal","Onshore","Federal onshore","County","County","","MT2Ph","2025-02-19T18:29:36.469322+00:00","2025-02-19T18:29:36.469322+00:00"
"87728","Montana, Pondera","30073","MT","Montana","Pondera","Federal","Onshore","Federal onshore","County","County","","MT2Po","2025-02-19T18:29:36.469322+00:00","2025-02-19T18:29:36.469322+00:00"
"87729","Montana, Powder River","30075","MT","Montana","Powder River","Federal","Onshore","Federal onshore","County","County","","MT2Po","2025-02-19T18:29:36.469322+00:00","2025-02-19T18:29:36.469322+00:00"
"87730","Montana, Prairie","30079","MT","Montana","Prairie","Federal","Onshore","Federal onshore","County","County","","MT2Pr","2025-02-19T18:29:36.469322+00:00","2025-02-19T18:29:36.469322+00:00"
"87731","Montana, Richland","30083","MT","Montana","Richland","Federal","Onshore","Federal onshore","County","County","","MT2Ri","2025-02-19T18:29:36.469322+00:00","2025-02-19T18:29:36.469322+00:00"
"87732","Montana, Roosevelt","30085","MT","Montana","Roosevelt","Federal","Onshore","Federal onshore","County","County","","MT2Ro","2025-02-19T18:29:36.469322+00:00","2025-02-19T18:29:36.469322+00:00"
"87733","Montana, Rosebud","30087","MT","Montana","Rosebud","Federal","Onshore","Federal onshore","County","County","","MT2Ro","2025-02-19T18:29:36.469322+00:00","2025-02-19T18:29:36.469322+00:00"
"87734","Montana, Sheridan","30091","MT","Montana","Sheridan","Federal","Onshore","Federal onshore","County","County","","MT2Sh","2025-02-19T18:29:36.469322+00:00","2025-02-19T18:29:36.469322+00:00"
"87735","Montana, Stillwater","30095","MT","Montana","Stillwater","Federal","Onshore","Federal onshore","County","County","","MT2St","2025-02-19T18:29:36.469322+00:00","2025-02-19T18:29:36.469322+00:00"
"87736","Montana, Sweet Grass","30097","MT","Montana","Sweet Grass","Federal","Onshore","Federal onshore","County","County","","MT2Sw","2025-02-19T18:29:36.469322+00:00","2025-02-19T18:29:36.469322+00:00"
"87737","Montana, Teton","30099","MT","Montana","Teton","Federal","Onshore","Federal onshore","County","County","","MT2Te","2025-02-19T18:29:36.469322+00:00","2025-02-19T18:29:36.469322+00:00"
"87738","Montana, Toole","30101","MT","Montana","Toole","Federal","Onshore","Federal onshore","County","County","","MT2To","2025-02-19T18:29:36.469322+00:00","2025-02-19T18:29:36.469322+00:00"
"87739","Montana, Treasure","30103","MT","Montana","Treasure","Federal","Onshore","Federal onshore","County","County","","MT2Tr","2025-02-19T18:29:36.469322+00:00","2025-02-19T18:29:36.469322+00:00"
"87740","Montana, Valley","30105","MT","Montana","Valley","Federal","Onshore","Federal onshore","County","County","","MT2Va","2025-02-19T18:29:36.469322+00:00","2025-02-19T18:29:36.469322+00:00"
"87741","Montana, Wheatland","30107","MT","Montana","Wheatland","Federal","Onshore","Federal onshore","County","County","","MT2Wh","2025-02-19T18:29:36.469322+00:00","2025-02-19T18:29:36.469322+00:00"
"87742","Montana, Wibaux","30109","MT","Montana","Wibaux","Federal","Onshore","Federal onshore","County","County","","MT2Wi","2025-02-19T18:29:36.469322+00:00","2025-02-19T18:29:36.469322+00:00"
"87743","Montana, Yellowstone","30111","MT","Montana","Yellowstone","Federal","Onshore","Federal onshore","County","County","","MT2Ye","2025-02-19T18:29:36.469322+00:00","2025-02-19T18:29:36.469322+00:00"
"87767","Nebraska, Banner","31007","NE","Nebraska","Banner","Federal","Onshore","Federal onshore","County","County","","NE2Ba","2025-02-19T18:29:36.469322+00:00","2025-02-19T18:29:36.469322+00:00"
"87768","Nebraska, Cheyenne","31033","NE","Nebraska","Cheyenne","Federal","Onshore","Federal onshore","County","County","","NE2Ch","2025-02-19T18:29:36.469322+00:00","2025-02-19T18:29:36.469322+00:00"
"87770","Nebraska, Dundy","31057","NE","Nebraska","Dundy","Federal","Onshore","Federal onshore","County","County","","NE2Du","2025-02-19T18:29:36.469322+00:00","2025-02-19T18:29:36.469322+00:00"
"87771","Nebraska, Harlan","31083","NE","Nebraska","Harlan","Federal","Onshore","Federal onshore","County","County","","NE2Ha","2025-02-19T18:29:36.469322+00:00","2025-02-19T18:29:36.469322+00:00"
"87772","Nebraska, Hayes","31085","NE","Nebraska","Hayes","Federal","Onshore","Federal onshore","County","County","","NE2Ha","2025-02-19T18:29:36.469322+00:00","2025-02-19T18:29:36.469322+00:00"
"87773","Nebraska, Hitchcock","31087","NE","Nebraska","Hitchcock","Federal","Onshore","Federal onshore","County","County","","NE2Hi","2025-02-19T18:29:36.469322+00:00","2025-02-19T18:29:36.469322+00:00"
"87774","Nebraska, Kimball","31105","NE","Nebraska","Kimball","Federal","Onshore","Federal onshore","County","County","","NE2Ki","2025-02-19T18:29:36.469322+00:00","2025-02-19T18:29:36.469322+00:00"
"87775","Nebraska, Morrill","31123","NE","Nebraska","Morrill","Federal","Onshore","Federal onshore","County","County","","NE2Mo","2025-02-19T18:29:36.469322+00:00","2025-02-19T18:29:36.469322+00:00"
"87776","Nebraska, Red Willow","31145","NE","Nebraska","Red Willow","Federal","Onshore","Federal onshore","County","County","","NE2Re","2025-02-19T18:29:36.469322+00:00","2025-02-19T18:29:36.469322+00:00"
"87777","Nebraska, Scotts Bluff","31157","NE","Nebraska","Scotts Bluff","Federal","Onshore","Federal onshore","County","County","","NE2Sc","2025-02-19T18:29:36.469322+00:00","2025-02-19T18:29:36.469322+00:00"
"87778","Nebraska, Sioux","31165","NE","Nebraska","Sioux","Federal","Onshore","Federal onshore","County","County","","NE2Si","2025-02-19T18:29:36.469322+00:00","2025-02-19T18:29:36.469322+00:00"
"87819","Nevada, Pershing","32027","NV","Nevada","Pershing","Federal","Onshore","Federal onshore","County","County","","NV2Pe","2025-02-19T18:29:36.469322+00:00","2025-02-19T18:29:36.469322+00:00"
"87820","Nevada, Washoe","32031","NV","Nevada","Washoe","Federal","Onshore","Federal onshore","County","County","","NV2Wa","2025-02-19T18:29:36.469322+00:00","2025-02-19T18:29:36.469322+00:00"
"87821","Nevada, White Pine","32033","NV","Nevada","White Pine","Federal","Onshore","Federal onshore","County","County","","NV2Wh","2025-02-19T18:29:36.469322+00:00","2025-02-19T18:29:36.469322+00:00"
"87791","New Mexico, Hidalgo","35023","NM","New Mexico","Hidalgo","Federal","Onshore","Federal onshore","County","County","","NM2Hi","2025-02-19T18:29:36.469322+00:00","2025-02-19T18:29:36.469322+00:00"
"87792","New Mexico, Lea","35025","NM","New Mexico","Lea","Federal","Onshore","Federal onshore","County","County","","NM2Le","2025-02-19T18:29:36.469322+00:00","2025-02-19T18:29:36.469322+00:00"
"87793","New Mexico, Luna","35029","NM","New Mexico","Luna","Federal","Onshore","Federal onshore","County","County","","NM2Lu","2025-02-19T18:29:36.469322+00:00","2025-02-19T18:29:36.469322+00:00"
"87794","New Mexico, Mckinley","35031","NM","New Mexico","Mckinley","Federal","Onshore","Federal onshore","County","County","","NM2Mc","2025-02-19T18:29:36.469322+00:00","2025-02-19T18:29:36.469322+00:00"
"87795","New Mexico, Otero","35035","NM","New Mexico","Otero","Federal","Onshore","Federal onshore","County","County","","NM2Ot","2025-02-19T18:29:36.469322+00:00","2025-02-19T18:29:36.469322+00:00"
"87796","New Mexico, Quay","35037","NM","New Mexico","Quay","Federal","Onshore","Federal onshore","County","County","","NM2Qu","2025-02-19T18:29:36.469322+00:00","2025-02-19T18:29:36.469322+00:00"
"87797","New Mexico, Rio Arriba","35039","NM","New Mexico","Rio Arriba","Federal","Onshore","Federal onshore","County","County","","NM2Ri","2025-02-19T18:29:36.469322+00:00","2025-02-19T18:29:36.469322+00:00"
"87798","New Mexico, Roosevelt","35041","NM","New Mexico","Roosevelt","Federal","Onshore","Federal onshore","County","County","","NM2Ro","2025-02-19T18:29:36.469322+00:00","2025-02-19T18:29:36.469322+00:00"
"87799","New Mexico, Sandoval","35043","NM","New Mexico","Sandoval","Federal","Onshore","Federal onshore","County","County","","NM2Sa","2025-02-19T18:29:36.469322+00:00","2025-02-19T18:29:36.469322+00:00"
"87800","New Mexico, San Juan","35045","NM","New Mexico","San Juan","Federal","Onshore","Federal onshore","County","County","","NM2Sa","2025-02-19T18:29:36.469322+00:00","2025-02-19T18:29:36.469322+00:00"
"87801","New Mexico, San Miguel","35047","NM","New Mexico","San Miguel","Federal","Onshore","Federal onshore","County","County","","NM2Sa","2025-02-19T18:29:36.469322+00:00","2025-02-19T18:29:36.469322+00:00"
"87802","New Mexico, Sierra","35051","NM","New Mexico","Sierra","Federal","Onshore","Federal onshore","County","County","","NM2Si","2025-02-19T18:29:36.469322+00:00","2025-02-19T18:29:36.469322+00:00"
"87803","New Mexico, Socorro","35053","NM","New Mexico","Socorro","Federal","Onshore","Federal onshore","County","County","","NM2So","2025-02-19T18:29:36.469322+00:00","2025-02-19T18:29:36.469322+00:00"
"87804","New Mexico, Taos","35055","NM","New Mexico","Taos","Federal","Onshore","Federal onshore","County","County","","NM2Ta","2025-02-19T18:29:36.469322+00:00","2025-02-19T18:29:36.469322+00:00"
"87805","New Mexico, Torrance","35057","NM","New Mexico","Torrance","Federal","Onshore","Federal onshore","County","County","","NM2To","2025-02-19T18:29:36.469322+00:00","2025-02-19T18:29:36.469322+00:00"
"87806","New Mexico, Union","35059","NM","New Mexico","Union","Federal","Onshore","Federal onshore","County","County","","NM2Un","2025-02-19T18:29:36.469322+00:00","2025-02-19T18:29:36.469322+00:00"
"87807","New Mexico, Valencia","35061","NM","New Mexico","Valencia","Federal","Onshore","Federal onshore","County","County","","NM2Va","2025-02-19T18:29:36.469322+00:00","2025-02-19T18:29:36.469322+00:00"
"87766","North Dakota, Williams","38105","ND","North Dakota","Williams","Federal","Onshore","Federal onshore","County","County","","ND2Wi","2025-02-19T18:29:36.469322+00:00","2025-02-19T18:29:36.469322+00:00"
"87853","Oklahoma, Cimarron","40025","OK","Oklahoma","Cimarron","Federal","Onshore","Federal onshore","County","County","","OK2Ci","2025-02-19T18:29:36.469322+00:00","2025-02-19T18:29:36.469322+00:00"
"87854","Oklahoma, Cleveland","40027","OK","Oklahoma","Cleveland","Federal","Onshore","Federal onshore","County","County","","OK2Cl","2025-02-19T18:29:36.469322+00:00","2025-02-19T18:29:36.469322+00:00"
"87855","Oklahoma, Coal","40029","OK","Oklahoma","Coal","Federal","Onshore","Federal onshore","County","County","","OK2Co","2025-02-19T18:29:36.469322+00:00","2025-02-19T18:29:36.469322+00:00"
"87856","Oklahoma, Comanche","40031","OK","Oklahoma","Comanche","Federal","Onshore","Federal onshore","County","County","","OK2Co","2025-02-19T18:29:36.469322+00:00","2025-02-19T18:29:36.469322+00:00"
"87857","Oklahoma, Creek","40037","OK","Oklahoma","Creek","Federal","Onshore","Federal onshore","County","County","","OK2Cr","2025-02-19T18:29:36.469322+00:00","2025-02-19T18:29:36.469322+00:00"
"87858","Oklahoma, Custer","40039","OK","Oklahoma","Custer","Federal","Onshore","Federal onshore","County","County","","OK2Cu","2025-02-19T18:29:36.469322+00:00","2025-02-19T18:29:36.469322+00:00"
"87859","Oklahoma, Delaware","40041","OK","Oklahoma","Delaware","Federal","Onshore","Federal onshore","County","County","","OK2De","2025-02-19T18:29:36.469322+00:00","2025-02-19T18:29:36.469322+00:00"
"87860","Oklahoma, Dewey","40043","OK","Oklahoma","Dewey","Federal","Onshore","Federal onshore","County","County","","OK2De","2025-02-19T18:29:36.469322+00:00","2025-02-19T18:29:36.469322+00:00"
"87861","Oklahoma, Ellis","40045","OK","Oklahoma","Ellis","Federal","Onshore","Federal onshore","County","County","","OK2El","2025-02-19T18:29:36.469322+00:00","2025-02-19T18:29:36.469322+00:00"
"87862","Oklahoma, Garfield","40047","OK","Oklahoma","Garfield","Federal","Onshore","Federal onshore","County","County","","OK2Ga","2025-02-19T18:29:36.469322+00:00","2025-02-19T18:29:36.469322+00:00"
"87863","Oklahoma, Garvin","40049","OK","Oklahoma","Garvin","Federal","Onshore","Federal onshore","County","County","","OK2Ga","2025-02-19T18:29:36.469322+00:00","2025-02-19T18:29:36.469322+00:00"
"87864","Oklahoma, Grady","40051","OK","Oklahoma","Grady","Federal","Onshore","Federal onshore","County","County","","OK2Gr","2025-02-19T18:29:36.469322+00:00","2025-02-19T18:29:36.469322+00:00"
"87865","Oklahoma, Grant","40053","OK","Oklahoma","Grant","Federal","Onshore","Federal onshore","County","County","","OK2Gr","2025-02-19T18:29:36.469322+00:00","2025-02-19T18:29:36.469322+00:00"
"87866","Oklahoma, Greer","40055","OK","Oklahoma","Greer","Federal","Onshore","Federal onshore","County","County","","OK2Gr","2025-02-19T18:29:36.469322+00:00","2025-02-19T18:29:36.469322+00:00"
"87867","Oklahoma, Harmon","40057","OK","Oklahoma","Harmon","Federal","Onshore","Federal onshore","County","County","","OK2Ha","2025-02-19T18:29:36.469322+00:00","2025-02-19T18:29:36.469322+00:00"
"87868","Oklahoma, Harper","40059","OK","Oklahoma","Harper","Federal","Onshore","Federal onshore","County","County","","OK2Ha","2025-02-19T18:29:36.469322+00:00","2025-02-19T18:29:36.469322+00:00"
"87869","Oklahoma, Haskell","40061","OK","Oklahoma","Haskell","Federal","Onshore","Federal onshore","County","County","","OK2Ha","2025-02-19T18:29:36.469322+00:00","2025-02-19T18:29:36.469322+00:00"
"87870","Oklahoma, Hughes","40063","OK","Oklahoma","Hughes","Federal","Onshore","Federal onshore","County","County","","OK2Hu","2025-02-19T18:29:36.469322+00:00","2025-02-19T18:29:36.469322+00:00"
"87871","Oklahoma, Jackson","40065","OK","Oklahoma","Jackson","Federal","Onshore","Federal onshore","County","County","","OK2Ja","2025-02-19T18:29:36.469322+00:00","2025-02-19T18:29:36.469322+00:00"
"87872","Oklahoma, Kay","40071","OK","Oklahoma","Kay","Federal","Onshore","Federal onshore","County","County","","OK2Ka","2025-02-19T18:29:36.469322+00:00","2025-02-19T18:29:36.469322+00:00"
"87873","Oklahoma, Kingfisher","40073","OK","Oklahoma","Kingfisher","Federal","Onshore","Federal onshore","County","County","","OK2Ki","2025-02-19T18:29:36.469322+00:00","2025-02-19T18:29:36.469322+00:00"
"87874","Oklahoma, Kiowa","40075","OK","Oklahoma","Kiowa","Federal","Onshore","Federal onshore","County","County","","OK2Ki","2025-02-19T18:29:36.469322+00:00","2025-02-19T18:29:36.469322+00:00"
"87875","Oklahoma, Latimer","40077","OK","Oklahoma","Latimer","Federal","Onshore","Federal onshore","County","County","","OK2La","2025-02-19T18:29:36.469322+00:00","2025-02-19T18:29:36.469322+00:00"
"87876","Oklahoma, Le Flore","40079","OK","Oklahoma","Le Flore","Federal","Onshore","Federal onshore","County","County","","OK2Le","2025-02-19T18:29:36.469322+00:00","2025-02-19T18:29:36.469322+00:00"
"87877","Oklahoma, Lincoln","40081","OK","Oklahoma","Lincoln","Federal","Onshore","Federal onshore","County","County","","OK2Li","2025-02-19T18:29:36.469322+00:00","2025-02-19T18:29:36.469322+00:00"
"87878","Oklahoma, Logan","40083","OK","Oklahoma","Logan","Federal","Onshore","Federal onshore","County","County","","OK2Lo","2025-02-19T18:29:36.469322+00:00","2025-02-19T18:29:36.469322+00:00"
"87879","Oklahoma, Major","40093","OK","Oklahoma","Major","Federal","Onshore","Federal onshore","County","County","","OK2Ma","2025-02-19T18:29:36.469322+00:00","2025-02-19T18:29:36.469322+00:00"
"87880","Oklahoma, Marshall","40095","OK","Oklahoma","Marshall","Federal","Onshore","Federal onshore","County","County","","OK2Ma","2025-02-19T18:29:36.469322+00:00","2025-02-19T18:29:36.469322+00:00"
"87881","Oklahoma, Mcclain","40087","OK","Oklahoma","Mcclain","Federal","Onshore","Federal onshore","County","County","","OK2Mc","2025-02-19T18:29:36.469322+00:00","2025-02-19T18:29:36.469322+00:00"
"87882","Oklahoma, Mccurtain","40089","OK","Oklahoma","Mccurtain","Federal","Onshore","Federal onshore","County","County","","OK2Mc","2025-02-19T18:29:36.469322+00:00","2025-02-19T18:29:36.469322+00:00"
"87883","Oklahoma, Mcintosh","40091","OK","Oklahoma","Mcintosh","Federal","Onshore","Federal onshore","County","County","","OK2Mc","2025-02-19T18:29:36.469322+00:00","2025-02-19T18:29:36.469322+00:00"
"87884","Oklahoma, Murray","40099","OK","Oklahoma","Murray","Federal","Onshore","Federal onshore","County","County","","OK2Mu","2025-02-19T18:29:36.469322+00:00","2025-02-19T18:29:36.469322+00:00"
"87885","Oklahoma, Muskogee","40101","OK","Oklahoma","Muskogee","Federal","Onshore","Federal onshore","County","County","","OK2Mu","2025-02-19T18:29:36.469322+00:00","2025-02-19T18:29:36.469322+00:00"
"87886","Oklahoma, Noble","40103","OK","Oklahoma","Noble","Federal","Onshore","Federal onshore","County","County","","OK2No","2025-02-19T18:29:36.469322+00:00","2025-02-19T18:29:36.469322+00:00"
"87887","Oklahoma, Okfuskee","40107","OK","Oklahoma","Okfuskee","Federal","Onshore","Federal onshore","County","County","","OK2Ok","2025-02-19T18:29:36.469322+00:00","2025-02-19T18:29:36.469322+00:00"
"87888","Oklahoma, Oklahoma","40109","OK","Oklahoma","Oklahoma","Federal","Onshore","Federal onshore","County","County","","OK2Ok","2025-02-19T18:29:36.469322+00:00","2025-02-19T18:29:36.469322+00:00"
"87889","Oklahoma, Payne","40119","OK","Oklahoma","Payne","Federal","Onshore","Federal onshore","County","County","","OK2Pa","2025-02-19T18:29:36.469322+00:00","2025-02-19T18:29:36.469322+00:00"
"87890","Oklahoma, Pittsburg","40121","OK","Oklahoma","Pittsburg","Federal","Onshore","Federal onshore","County","County","","OK2Pi","2025-02-19T18:29:36.469322+00:00","2025-02-19T18:29:36.469322+00:00"
"87891","Oklahoma, Pottawatomie","40125","OK","Oklahoma","Pottawatomie","Federal","Onshore","Federal onshore","County","County","","OK2Po","2025-02-19T18:29:36.469322+00:00","2025-02-19T18:29:36.469322+00:00"
"87892","Oklahoma, Pushmataha","40127","OK","Oklahoma","Pushmataha","Federal","Onshore","Federal onshore","County","County","","OK2Pu","2025-02-19T18:29:36.469322+00:00","2025-02-19T18:29:36.469322+00:00"
"87893","Oklahoma, Roger Mills","40129","OK","Oklahoma","Roger Mills","Federal","Onshore","Federal onshore","County","County","","OK2Ro","2025-02-19T18:29:36.469322+00:00","2025-02-19T18:29:36.469322+00:00"
"87894","Oklahoma, Sequoyah","40135","OK","Oklahoma","Sequoyah","Federal","Onshore","Federal onshore","County","County","","OK2Se","2025-02-19T18:29:36.469322+00:00","2025-02-19T18:29:36.469322+00:00"
"87895","Oklahoma, Stephens","40137","OK","Oklahoma","Stephens","Federal","Onshore","Federal onshore","County","County","","OK2St","2025-02-19T18:29:36.469322+00:00","2025-02-19T18:29:36.469322+00:00"
"87896","Oklahoma, Texas","40139","OK","Oklahoma","Texas","Federal","Onshore","Federal onshore","County","County","","OK2Te","2025-02-19T18:29:36.469322+00:00","2025-02-19T18:29:36.469322+00:00"
"87897","Oklahoma, Tillman","40141","OK","Oklahoma","Tillman","Federal","Onshore","Federal onshore","County","County","","OK2Ti","2025-02-19T18:29:36.469322+00:00","2025-02-19T18:29:36.469322+00:00"
"87898","Oklahoma, Tulsa","40143","OK","Oklahoma","Tulsa","Federal","Onshore","Federal onshore","County","County","","OK2Tu","2025-02-19T18:29:36.469322+00:00","2025-02-19T18:29:36.469322+00:00"
"87899","Oklahoma, Wagoner","40145","OK","Oklahoma","Wagoner","Federal","Onshore","Federal onshore","County","County","","OK2Wa","2025-02-19T18:29:36.469322+00:00","2025-02-19T18:29:36.469322+00:00"
"87900","Oklahoma, Washita","40149","OK","Oklahoma","Washita","Federal","Onshore","Federal onshore","County","County","","OK2Wa","2025-02-19T18:29:36.469322+00:00","2025-02-19T18:29:36.469322+00:00"
"87901","Oklahoma, Woods","40151","OK","Oklahoma","Woods","Federal","Onshore","Federal onshore","County","County","","OK2Wo","2025-02-19T18:29:36.469322+00:00","2025-02-19T18:29:36.469322+00:00"
"87902","Oklahoma, Woodward","40153","OK","Oklahoma","Woodward","Federal","Onshore","Federal onshore","County","County","","OK2Wo","2025-02-19T18:29:36.469322+00:00","2025-02-19T18:29:36.469322+00:00"
"87946","Texas, Fannin","48147","TX","Texas","Fannin","Federal","Onshore","Federal onshore","County","County","","TX2Fa","2025-02-19T18:29:36.469322+00:00","2025-02-19T18:29:36.469322+00:00"
"87947","Texas, Fayette","48149","TX","Texas","Fayette","Federal","Onshore","Federal onshore","County","County","","TX2Fa","2025-02-19T18:29:36.469322+00:00","2025-02-19T18:29:36.469322+00:00"
"87948","Texas, Freestone","48161","TX","Texas","Freestone","Federal","Onshore","Federal onshore","County","County","","TX2Fr","2025-02-19T18:29:36.469322+00:00","2025-02-19T18:29:36.469322+00:00"
"87949","Texas, Galveston","48167","TX","Texas","Galveston","Federal","Onshore","Federal onshore","County","County","","TX2Ga","2025-02-19T18:29:36.469322+00:00","2025-02-19T18:29:36.469322+00:00"
"87950","Texas, Gray","48179","TX","Texas","Gray","Federal","Onshore","Federal onshore","County","County","","TX2Gr","2025-02-19T18:29:36.469322+00:00","2025-02-19T18:29:36.469322+00:00"
"87951","Texas, Grayson","48181","TX","Texas","Grayson","Federal","Onshore","Federal onshore","County","County","","TX2Gr","2025-02-19T18:29:36.469322+00:00","2025-02-19T18:29:36.469322+00:00"
"87952","Texas, Harris","48201","TX","Texas","Harris","Federal","Onshore","Federal onshore","County","County","","TX2Ha","2025-02-19T18:29:36.469322+00:00","2025-02-19T18:29:36.469322+00:00"
"87953","Texas, Harrison","48203","TX","Texas","Harrison","Federal","Onshore","Federal onshore","County","County","","TX2Ha","2025-02-19T18:29:36.469322+00:00","2025-02-19T18:29:36.469322+00:00"
"87954","Texas, Hemphill","48211","TX","Texas","Hemphill","Federal","Onshore","Federal onshore","County","County","","TX2He","2025-02-19T18:29:36.469322+00:00","2025-02-19T18:29:36.469322+00:00"
"87955","Texas, Hidalgo","48215","TX","Texas","Hidalgo","Federal","Onshore","Federal onshore","County","County","","TX2Hi","2025-02-19T18:29:36.469322+00:00","2025-02-19T18:29:36.469322+00:00"
"87956","Texas, Hill","48217","TX","Texas","Hill","Federal","Onshore","Federal onshore","County","County","","TX2Hi","2025-02-19T18:29:36.469322+00:00","2025-02-19T18:29:36.469322+00:00"
"87957","Texas, Houston","48225","TX","Texas","Houston","Federal","Onshore","Federal onshore","County","County","","TX2Ho","2025-02-19T18:29:36.469322+00:00","2025-02-19T18:29:36.469322+00:00"
"87958","Texas, Jackson","48239","TX","Texas","Jackson","Federal","Onshore","Federal onshore","County","County","","TX2Ja","2025-02-19T18:29:36.469322+00:00","2025-02-19T18:29:36.469322+00:00"
"87959","Texas, Jasper","48241","TX","Texas","Jasper","Federal","Onshore","Federal onshore","County","County","","TX2Ja","2025-02-19T18:29:36.469322+00:00","2025-02-19T18:29:36.469322+00:00"
"87961","Texas, Johnson","48251","TX","Texas","Johnson","Federal","Onshore","Federal onshore","County","County","","TX2Jo","2025-02-19T18:29:36.469322+00:00","2025-02-19T18:29:36.469322+00:00"
"87962","Texas, Jones","48253","TX","Texas","Jones","Federal","Onshore","Federal onshore","County","County","","TX2Jo","2025-02-19T18:29:36.469322+00:00","2025-02-19T18:29:36.469322+00:00"
"87963","Texas, Karnes","48255","TX","Texas","Karnes","Federal","Onshore","Federal onshore","County","County","","TX2Ka","2025-02-19T18:29:36.469322+00:00","2025-02-19T18:29:36.469322+00:00"
"87964","Texas, Kleberg","48273","TX","Texas","Kleberg","Federal","Onshore","Federal onshore","County","County","","TX2Kl","2025-02-19T18:29:36.469322+00:00","2025-02-19T18:29:36.469322+00:00"
"87965","Texas, Lee","48287","TX","Texas","Lee","Federal","Onshore","Federal onshore","County","County","","TX2Le","2025-02-19T18:29:36.469322+00:00","2025-02-19T18:29:36.469322+00:00"
"87966","Texas, Live Oak","48297","TX","Texas","Live Oak","Federal","Onshore","Federal onshore","County","County","","TX2Li","2025-02-19T18:29:36.469322+00:00","2025-02-19T18:29:36.469322+00:00"
"87967","Texas, Mcmullen","48311","TX","Texas","Mcmullen","Federal","Onshore","Federal onshore","County","County","","TX2Mc","2025-02-19T18:29:36.469322+00:00","2025-02-19T18:29:36.469322+00:00"
"87968","Texas, Montague","48337","TX","Texas","Montague","Federal","Onshore","Federal onshore","County","County","","TX2Mo","2025-02-19T18:29:36.469322+00:00","2025-02-19T18:29:36.469322+00:00"
"87969","Texas, Montgomery","48339","TX","Texas","Montgomery","Federal","Onshore","Federal onshore","County","County","","TX2Mo","2025-02-19T18:29:36.469322+00:00","2025-02-19T18:29:36.469322+00:00"
"87970","Texas, Nacogdoches","48347","TX","Texas","Nacogdoches","Federal","Onshore","Federal onshore","County","County","","TX2Na","2025-02-19T18:29:36.469322+00:00","2025-02-19T18:29:36.469322+00:00"
"87971","Texas, Newton","48351","TX","Texas","Newton","Federal","Onshore","Federal onshore","County","County","","TX2Ne","2025-02-19T18:29:36.469322+00:00","2025-02-19T18:29:36.469322+00:00"
"87972","Texas, Nueces","48355","TX","Texas","Nueces","Federal","Onshore","Federal onshore","County","County","","TX2Nu","2025-02-19T18:29:36.469322+00:00","2025-02-19T18:29:36.469322+00:00"
"87973","Texas, Ochiltree","48357","TX","Texas","Ochiltree","Federal","Onshore","Federal onshore","County","County","","TX2Oc","2025-02-19T18:29:36.469322+00:00","2025-02-19T18:29:36.469322+00:00"
"87974","Texas, Parker","48367","TX","Texas","Parker","Federal","Onshore","Federal onshore","County","County","","TX2Pa","2025-02-19T18:29:36.469322+00:00","2025-02-19T18:29:36.469322+00:00"
"87975","Texas, Pecos","48371","TX","Texas","Pecos","Federal","Onshore","Federal onshore","County","County","","TX2Pe","2025-02-19T18:29:36.469322+00:00","2025-02-19T18:29:36.469322+00:00"
"87976","Texas, Robertson","48395","TX","Texas","Robertson","Federal","Onshore","Federal onshore","County","County","","TX2Ro","2025-02-19T18:29:36.469322+00:00","2025-02-19T18:29:36.469322+00:00"
"87977","Texas, Sabine","48403","TX","Texas","Sabine","Federal","Onshore","Federal onshore","County","County","","TX2Sa","2025-02-19T18:29:36.469322+00:00","2025-02-19T18:29:36.469322+00:00"
"87979","Texas, San Jacinto","48407","TX","Texas","San Jacinto","Federal","Onshore","Federal onshore","County","County","","TX2Sa","2025-02-19T18:29:36.469322+00:00","2025-02-19T18:29:36.469322+00:00"
"87980","Texas, Shelby","48419","TX","Texas","Shelby","Federal","Onshore","Federal onshore","County","County","","TX2Sh","2025-02-19T18:29:36.469322+00:00","2025-02-19T18:29:36.469322+00:00"
"87981","Texas, Sherman","48421","TX","Texas","Sherman","Federal","Onshore","Federal onshore","County","County","","TX2Sh","2025-02-19T18:29:36.469322+00:00","2025-02-19T18:29:36.469322+00:00"
"87982","Texas, Starr","48427","TX","Texas","Starr","Federal","Onshore","Federal onshore","County","County","","TX2St","2025-02-19T18:29:36.469322+00:00","2025-02-19T18:29:36.469322+00:00"
"87983","Texas, Tarrant","48439","TX","Texas","Tarrant","Federal","Onshore","Federal onshore","County","County","","TX2Ta","2025-02-19T18:29:36.469322+00:00","2025-02-19T18:29:36.469322+00:00"
"87984","Texas, Taylor","48441","TX","Texas","Taylor","Federal","Onshore","Federal onshore","County","County","","TX2Ta","2025-02-19T18:29:36.469322+00:00","2025-02-19T18:29:36.469322+00:00"
"87985","Texas, Terry","48445","TX","Texas","Terry","Federal","Onshore","Federal onshore","County","County","","TX2Te","2025-02-19T18:29:36.469322+00:00","2025-02-19T18:29:36.469322+00:00"
"87986","Texas, Tom Green","48451","TX","Texas","Tom Green","Federal","Onshore","Federal onshore","County","County","","TX2To","2025-02-19T18:29:36.469322+00:00","2025-02-19T18:29:36.469322+00:00"
"87987","Texas, Trinity","48455","TX","Texas","Trinity","Federal","Onshore","Federal onshore","County","County","","TX2Tr","2025-02-19T18:29:36.469322+00:00","2025-02-19T18:29:36.469322+00:00"
"87988","Texas, Walker","48471","TX","Texas","Walker","Federal","Onshore","Federal onshore","County","County","","TX2Wa","2025-02-19T18:29:36.469322+00:00","2025-02-19T18:29:36.469322+00:00"
"87989","Texas, Washington","48477","TX","Texas","Washington","Federal","Onshore","Federal onshore","County","County","","TX2Wa","2025-02-19T18:29:36.469322+00:00","2025-02-19T18:29:36.469322+00:00"
"87990","Texas, Wheeler","48483","TX","Texas","Wheeler","Federal","Onshore","Federal onshore","County","County","","TX2Wh","2025-02-19T18:29:36.469322+00:00","2025-02-19T18:29:36.469322+00:00"
"87991","Texas, Willacy","48489","TX","Texas","Willacy","Federal","Onshore","Federal onshore","County","County","","TX2Wi","2025-02-19T18:29:36.469322+00:00","2025-02-19T18:29:36.469322+00:00"
"87992","Texas, Wise","48497","TX","Texas","Wise","Federal","Onshore","Federal onshore","County","County","","TX2Wi","2025-02-19T18:29:36.469322+00:00","2025-02-19T18:29:36.469322+00:00"
"87993","Texas, Zapata","48505","TX","Texas","Zapata","Federal","Onshore","Federal onshore","County","County","","TX2Za","2025-02-19T18:29:36.469322+00:00","2025-02-19T18:29:36.469322+00:00"
"88049","West Virginia, Webster","54101","WV","West Virginia","Webster","Federal","Onshore","Federal onshore","County","County","","WV2We","2025-02-19T18:29:36.469322+00:00","2025-02-19T18:29:36.469322+00:00"
"88050","West Virginia, Wood","54107","WV","West Virginia","Wood","Federal","Onshore","Federal onshore","County","County","","WV2Wo","2025-02-19T18:29:36.469322+00:00","2025-02-19T18:29:36.469322+00:00"
"88051","West Virginia, Wyoming","54109","WV","West Virginia","Wyoming","Federal","Onshore","Federal onshore","County","County","","WV2Wy","2025-02-19T18:29:36.469322+00:00","2025-02-19T18:29:36.469322+00:00"
"88275","Utah, Duchesne","49013","UT","Utah","Duchesne","Mixed Exploratory","Onshore","Federal onshore","County","County","","UT2Du","2025-02-19T18:29:36.469322+00:00","2025-02-19T18:29:36.469322+00:00"
"88458","Utah, Carbon","49007","UT","Utah","Carbon","Mixed Exploratory","Onshore","Federal onshore","County","County","","UT2Ca","2025-02-19T18:29:36.469322+00:00","2025-02-19T18:29:36.469322+00:00"
"88510","Utah, Uintah","49047","UT","Utah","Uintah","Mixed Exploratory","Onshore","Federal onshore","County","County","","UT2Ui","2025-02-19T18:29:36.469322+00:00","2025-02-19T18:29:36.469322+00:00"
"88542","Utah, San Juan","49037","UT","Utah","San Juan","Mixed Exploratory","Onshore","Federal onshore","County","County","","UT2Sa","2025-02-19T18:29:36.469322+00:00","2025-02-19T18:29:36.469322+00:00"
"88082","Wyoming, Converse","56009","WY","Wyoming","Converse","Mixed Exploratory","Onshore","Federal onshore","County","County","","WY2Co","2025-02-19T18:29:36.469322+00:00","2025-02-19T18:29:36.469322+00:00"
"88118","Wyoming, Johnson","56019","WY","Wyoming","Johnson","Mixed Exploratory","Onshore","Federal onshore","County","County","","WY2Jo","2025-02-19T18:29:36.469322+00:00","2025-02-19T18:29:36.469322+00:00"
"88178","Wyoming, Fremont","56013","WY","Wyoming","Fremont","Mixed Exploratory","Onshore","Federal onshore","County","County","","WY2Fr","2025-02-19T18:29:36.469322+00:00","2025-02-19T18:29:36.469322+00:00"
"88181","Wyoming, Uinta","56041","WY","Wyoming","Uinta","Mixed Exploratory","Onshore","Federal onshore","County","County","","WY2Ui","2025-02-19T18:29:36.469322+00:00","2025-02-19T18:29:36.469322+00:00"
"88184","Wyoming, Washakie","56043","WY","Wyoming","Washakie","Mixed Exploratory","Onshore","Federal onshore","County","County","","WY2Wa","2025-02-19T18:29:36.469322+00:00","2025-02-19T18:29:36.469322+00:00"
"93768","Louisiana","","LA","Louisiana","Aransas","Federal","Offshore","Federal offshore","State","State","","LA1","2025-02-19T18:29:36.469322+00:00","2025-02-19T18:29:36.469322+00:00"
"87714","Montana, Golden Valley","30037","MT","Montana","Golden Valley","Federal","Onshore","Federal onshore","County","County","","MT2Go","2025-02-19T18:29:36.469322+00:00","2025-02-19T18:29:36.469322+00:00"
"87753","North Dakota, Golden Valley","38033","ND","North Dakota","Golden Valley","Federal","Onshore","Federal onshore","County","County","","ND2Go","2025-02-19T18:29:36.469322+00:00","2025-02-19T18:29:36.469322+00:00"
"87619","Michigan, Grand Traverse","26055","MI","Michigan","Grand Traverse","Federal","Onshore","Federal onshore","County","County","","MI2Gr","2025-02-19T18:29:36.469322+00:00","2025-02-19T18:29:36.469322+00:00"
"87670","Mississippi, Jefferson Davis","28065","MS","Mississippi","Jefferson Davis","Federal","Onshore","Federal onshore","County","County","","MS2Je","2025-02-19T18:29:36.469322+00:00","2025-02-19T18:29:36.469322+00:00"
"87978","Texas, San Augustine","48405","TX","Texas","San Augustine","Federal","Onshore","Federal onshore","County","County","","TX2Sa","2025-02-19T18:29:36.469322+00:00","2025-02-19T18:29:36.469322+00:00"
"87601","Louisiana, St. Martin","22099","LA","Louisiana","St. Martin","Federal","Onshore","Federal onshore","County","County","","LA2St","2025-02-19T18:29:36.469322+00:00","2025-02-19T18:29:36.469322+00:00"
"87602","Louisiana, St. Mary","22101","LA","Louisiana","St. Mary","Federal","Onshore","Federal onshore","County","County","","LA2St","2025-02-19T18:29:36.469322+00:00","2025-02-19T18:29:36.469322+00:00"
"88012","Utah, Sanpete","49039","UT","Utah","Sanpete","Federal","Onshore","Federal onshore","County","County","","UT2Sa","2025-02-19T18:29:36.469322+00:00","2025-02-19T18:29:36.469322+00:00"
"87580","Louisiana, East Baton Rouge","22033","LA","Louisiana","East Baton Rouge","Federal","Onshore","Federal onshore","County","County","","LA2E ","2025-02-19T18:29:36.469322+00:00","2025-02-19T18:29:36.469322+00:00"
"87357","Alabama, St. Clair","01115","AL","Alabama","St. Clair","Federal","Onshore","Federal onshore","County","County","","AL2St","2025-02-19T18:29:36.469322+00:00","2025-02-19T18:29:36.469322+00:00"
"87650","Missouri, St. Charles","29183","MO","Missouri","St. Charles","Federal","Onshore","Federal onshore","County","County","","MO2St","2025-02-19T18:29:36.469322+00:00","2025-02-19T18:29:36.469322+00:00"
"97233","Michigan, Kalamazoo","26077","MI","Michigan","Kalamazoo","Federal","Onshore","Federal onshore","County","County","","MI2Ka","2025-02-19T18:29:36.469322+00:00","2025-02-19T18:29:36.469322+00:00"
"100826","Alabama, Walker","01127","AL","Alabama","Walker","Federal","Onshore","Federal onshore","County","County","","AL2Wa","2025-02-19T18:29:36.469322+00:00","2025-02-19T18:29:36.469322+00:00"
"102175","Not tied to a location","","","","","Indian","Onshore","","","","","zZz","2025-02-19T18:29:36.469322+00:00","2025-02-19T18:29:36.469322+00:00"
"108971","Minnesota, St Louis","27137","MN","Minnesota","St Louis","Federal","Onshore","Federal onshore","County","County","","MN2St","2025-02-19T18:29:36.469322+00:00","2025-02-19T18:29:36.469322+00:00"
"139461","","","","","","Indian","Not Tied to a Lease","","","","","","2025-02-19T18:29:36.469322+00:00","2025-02-19T18:29:36.469322+00:00"
"343553","Montana, Lewis and Clark","30049","MT","Montana","Lewis and Clark","Federal","Onshore","Federal onshore","County","County","","MT2Le","2025-02-19T18:29:36.469322+00:00","2025-02-19T18:29:36.469322+00:00"
"87322","Gulf of America","GMR","","","","Federal","Offshore","Federal offshore","Offshore","","Gulf of America","1-GMR","2025-02-19T18:29:36.469322+00:00","2025-02-19T18:29:36.469322+00:00"